"","r","Sd","sample_size","ESS","method","Period","accuracy","precision","overallAgreement","Accuracy_agreement_prop_over_60","Mean_accuracy_agreement_over_60"
"1",0.01,20,10,10,"oxcal_trap","Holocene",80.5732484076433,553.960191082803,97.2901,1,97.2901
"2",0.01,20,40,40,"oxcal_trap","Holocene",92.7889713679746,286.548250265111,94.8589,1,94.8589
"3",0.01,20,80,80,"oxcal_trap","Holocene",87.168610816543,205.562036055143,91.6363,0.9979,91.7078
"4",0.01,50,10,10,"oxcal_trap","Holocene",83.1389183457052,632.314422057264,97.636,0.9989,97.683
"5",0.01,50,40,40,"oxcal_trap","Holocene",92.2587486744433,331.134676564157,97.2772,1,97.2772
"6",0.01,50,80,80,"oxcal_trap","Holocene",89.6076352067869,252.153764581124,95.2708,1,95.2708
"7",0.03,20,10,10,"oxcal_trap","Holocene",85.0477200424178,598.576352067868,97.236,1,97.236
"8",0.03,20,40,40,"oxcal_trap","Holocene",99.2569002123142,290.432590233546,95.3822,1,95.3822
"9",0.03,20,80,80,"oxcal_trap","Holocene",98.0932203389831,193.060911016949,92.89,1,92.89
"10",0.03,50,10,10,"oxcal_trap","Holocene",86.8504772004242,672.194591728526,98.2121,1,98.2121
"11",0.03,50,40,40,"oxcal_trap","Holocene",99.2576882290562,333.401908801697,98.9951,1,98.9951
"12",0.03,50,80,80,"oxcal_trap","Holocene",98.5153764581124,233.185047720042,97.9323,1,97.9323
"13",0.06,20,10,10,"oxcal_trap","Holocene",83.0328738069989,602.827677624602,97.3337,1,97.3337
"14",0.06,20,40,40,"oxcal_trap","Holocene",99.1516436903499,295.019088016967,95.4045,1,95.4045
"15",0.06,20,80,80,"oxcal_trap","Holocene",98.9395546129374,192.391304347826,93.3102,1,93.3102
"16",0.06,50,10,10,"oxcal_trap","Holocene",83.6691410392365,663.643160127253,98.2363,1,98.2363
"17",0.06,50,40,40,"oxcal_trap","Holocene",98.1972428419936,335.432661717922,98.9456,1,98.9456
"18",0.06,50,80,80,"oxcal_trap","Holocene",99.1507430997877,231.259023354565,98.1359,1,98.1359
"19",0.01,20,10,10,"oxcal_unif","Holocene",58.0786026200873,320.587336244541,96.4812,1,96.4812
"20",0.01,20,40,40,"oxcal_unif","Holocene",35.815991237678,147.972070098576,91.5011,1,91.5011
"21",0.01,20,80,80,"oxcal_unif","Holocene",19.4535519125683,98.0814207650273,87.0885,0.9934,87.2924
"22",0.01,50,10,10,"oxcal_unif","Holocene",61.7067833698031,384.912472647702,95.8492,1,95.8492
"23",0.01,50,40,40,"oxcal_unif","Holocene",36.7213114754098,194.527868852459,90.678,0.9956,90.8252
"24",0.01,50,80,80,"oxcal_unif","Holocene",16.4293537787514,134.513143483023,85.7777,0.9792,86.4053
"25",0.03,20,10,10,"oxcal_unif","Holocene",75.684556407448,324.287513691128,96.3723,1,96.3723
"26",0.03,20,40,40,"oxcal_unif","Holocene",67.1397379912664,152.288755458515,93.0901,1,93.0901
"27",0.03,20,80,80,"oxcal_unif","Holocene",49.2880613362541,106.826396495071,89.3657,0.9978,89.4459
"28",0.03,50,10,10,"oxcal_unif","Holocene",76.8893756845564,391.861993428258,96.5321,1,96.5321
"29",0.03,50,40,40,"oxcal_unif","Holocene",74.7540983606557,196.709836065574,94.2668,0.9978,94.3574
"30",0.03,50,80,80,"oxcal_unif","Holocene",57.8774617067834,139.853938730853,91.866,0.9945,92.0692
"31",0.06,20,10,10,"oxcal_unif","Holocene",77.8993435448578,330.106673960613,96.6313,1,96.6313
"32",0.06,20,40,40,"oxcal_unif","Holocene",81.3800657174151,156.261774370208,93.2954,1,93.2954
"33",0.06,20,80,80,"oxcal_unif","Holocene",73.9082969432314,109.0403930131,90.2132,1,90.2132
"34",0.06,50,10,10,"oxcal_unif","Holocene",82.4235807860262,407.401746724891,96.6868,1,96.6868
"35",0.06,50,40,40,"oxcal_unif","Holocene",87.2946330777656,199.217415115005,94.66,0.9989,94.6999
"36",0.06,50,80,80,"oxcal_unif","Holocene",80.3493449781659,141.53056768559,92.0877,0.9956,92.2479
"37",0.01,20,10,10,"oxcal_trap","Pleistocene",82.8,807.857,90.2735,0.912,94.3601
"38",0.01,20,40,40,"oxcal_trap","Pleistocene",92.7,456.7315,91.8333,0.908,97.2908
"39",0.01,20,80,80,"oxcal_trap","Pleistocene",91.9,366.2535,90.352,0.889,96.977
"40",0.01,50,10,10,"oxcal_trap","Pleistocene",83.5,842.5685,89.5059,0.923,92.9072
"41",0.01,50,40,40,"oxcal_trap","Pleistocene",93.9,479.734,92.209,0.91,97.4641
"42",0.01,50,80,80,"oxcal_trap","Pleistocene",91.5,380.305,89.059,0.891,95.9625
"43",0.03,20,10,10,"oxcal_trap","Pleistocene",83.9,812.8275,91.7341,0.923,95.4484
"44",0.03,20,40,40,"oxcal_trap","Pleistocene",98.4,472.385,93.9095,0.923,98.626
"45",0.03,20,80,80,"oxcal_trap","Pleistocene",99.1,363.6625,93.6551,0.911,99.4973
"46",0.03,50,10,10,"oxcal_trap","Pleistocene",85.5,866.698,91.1627,0.935,94.2596
"47",0.03,50,40,40,"oxcal_trap","Pleistocene",98.8,490.6135,92.9618,0.907,98.6909
"48",0.03,50,80,80,"oxcal_trap","Pleistocene",98.1,380.877,91.631,0.908,97.5542
"49",0.06,20,10,10,"oxcal_trap","Pleistocene",85.1,845.7285,92.5761,0.948,95.0089
"50",0.06,20,40,40,"oxcal_trap","Pleistocene",96.8,480.7735,94.8863,0.92,99.8705
"51",0.06,20,80,80,"oxcal_trap","Pleistocene",97.9,364.4195,93.508,0.91,99.0845
"52",0.06,50,10,10,"oxcal_trap","Pleistocene",85.5,869.118,90.9952,0.919,94.8926
"53",0.06,50,40,40,"oxcal_trap","Pleistocene",98.2,499.477,93.2717,0.91,99.0009
"54",0.06,50,80,80,"oxcal_trap","Pleistocene",95.9,382.499,93.5619,0.914,99.3534
"55",0.01,20,10,10,"oxcal_unif","Pleistocene",64.9,553.809,92.4644,0.975,93.4213
"56",0.01,20,40,40,"oxcal_unif","Pleistocene",44.8,317.8655,85.1314,0.884,89.9773
"57",0.01,20,80,80,"oxcal_unif","Pleistocene",23.6,230.3155,78.4118,0.8,86.8661
"58",0.01,50,10,10,"oxcal_unif","Pleistocene",67.4,568.881,91.4044,0.978,92.2038
"59",0.01,50,40,40,"oxcal_unif","Pleistocene",48.9,337.4875,85.0976,0.884,89.9023
"60",0.01,50,80,80,"oxcal_unif","Pleistocene",25.5,244.834,77.7492,0.81,85.8227
"61",0.03,20,10,10,"oxcal_unif","Pleistocene",78.3,560.1325,92.9111,0.969,94.1394
"62",0.03,20,40,40,"oxcal_unif","Pleistocene",80.7,323.553,88.2758,0.912,92.1758
"63",0.03,20,80,80,"oxcal_unif","Pleistocene",70.6,237.013,84.3693,0.857,91.212
"64",0.03,50,10,10,"oxcal_unif","Pleistocene",77.4,581.36,92.8602,0.981,93.5761
"65",0.03,50,40,40,"oxcal_unif","Pleistocene",84.2,344.958,87.5187,0.904,91.7615
"66",0.03,50,80,80,"oxcal_unif","Pleistocene",74.3,250.788,81.9249,0.837,89.2401
"67",0.06,20,10,10,"oxcal_unif","Pleistocene",79.4,559.4205,93.0208,0.981,93.7687
"68",0.06,20,40,40,"oxcal_unif","Pleistocene",90.9,331.353,89.597,0.92,93.2333
"69",0.06,20,80,80,"oxcal_unif","Pleistocene",87.2,238.4345,84.8054,0.861,91.158
"70",0.06,50,10,10,"oxcal_unif","Pleistocene",79.1,586.1075,92.6715,0.981,93.407
"71",0.06,50,40,40,"oxcal_unif","Pleistocene",87.9,347.9015,88.0469,0.903,92.4617
"72",0.06,50,80,80,"oxcal_unif","Pleistocene",88.4,254.016,84.6961,0.86,91.2699
