"r","Sd","ESS","sample_size","method","Period","avg_accuracy","avg_precision","avg_agreementindex","prop_agrementindex_over_60","avg_accuracy_agreementindex_over_60"
0.01,20,5,10,"OLE_medians","Holocene",0.894953656024717,4186.96248976812,NA,NA,NA
0.01,20,5,10,"OLE_medians","Pleistocene",0.938,4914.67055661553,NA,NA,NA
0.01,20,5,10,"OLE_resamp_caldate","Holocene",0.986611740473738,4058.45560887692,NA,NA,NA
0.01,20,5,10,"OLE_resamp_caldate","Pleistocene",1,5763.11506173883,NA,NA,NA
0.01,20,5,10,"OLE_resamp_norm","Holocene",0.995880535530381,4435.69474185134,NA,NA,NA
0.01,20,5,10,"OLE_resamp_norm","Pleistocene",1,6793.67311906123,NA,NA,NA
0.01,20,5,10,"OLE_resamp_unif","Holocene",0.998970133882595,4469.939555644,NA,NA,NA
0.01,20,5,10,"OLE_resamp_unif","Pleistocene",1,6658.6976343792,NA,NA,NA
0.01,20,5,40,"OLE_medians","Holocene",0.88259526261586,2761.51639018474,NA,NA,NA
0.01,20,5,40,"OLE_medians","Pleistocene",0.967,3684.38947934014,NA,NA,NA
0.01,20,5,40,"OLE_resamp_caldate","Holocene",0.997940267765191,2573.02981179762,NA,NA,NA
0.01,20,5,40,"OLE_resamp_caldate","Pleistocene",1,4422.21315300732,NA,NA,NA
0.01,20,5,40,"OLE_resamp_norm","Holocene",1,2913.34802178678,NA,NA,NA
0.01,20,5,40,"OLE_resamp_norm","Pleistocene",1,5510.21342239894,NA,NA,NA
0.01,20,5,40,"OLE_resamp_unif","Holocene",1,2971.57438882098,NA,NA,NA
0.01,20,5,40,"OLE_resamp_unif","Pleistocene",1,4841.86262937902,NA,NA,NA
0.01,20,5,80,"OLE_medians","Holocene",0.903192584963955,2229.97986589461,NA,NA,NA
0.01,20,5,80,"OLE_medians","Pleistocene",0.983,3254.81251755338,NA,NA,NA
0.01,20,5,80,"OLE_resamp_caldate","Holocene",0.998970133882595,2052.19944947235,NA,NA,NA
0.01,20,5,80,"OLE_resamp_caldate","Pleistocene",1,3949.42229579056,NA,NA,NA
0.01,20,5,80,"OLE_resamp_norm","Holocene",1,2480.12644034541,NA,NA,NA
0.01,20,5,80,"OLE_resamp_norm","Pleistocene",1,5064.01768198608,NA,NA,NA
0.01,20,5,80,"OLE_resamp_unif","Holocene",0.998970133882595,2554.55058235032,NA,NA,NA
0.01,20,5,80,"OLE_resamp_unif","Pleistocene",1,4163.40619476802,NA,NA,NA
0.01,20,10,10,"CRIWM","Holocene",0.183,164.833,NA,NA,NA
0.01,20,10,10,"CRIWM","Pleistocene",0.678,452.141,NA,NA,NA
0.01,20,10,10,"OLE_medians","Holocene",0.813594232749743,2013.12492492922,NA,NA,NA
0.01,20,10,10,"OLE_medians","Pleistocene",0.846,2377.51158655691,NA,NA,NA
0.01,20,10,10,"OLE_resamp_caldate","Holocene",0.899073120494336,2089.08147744973,NA,NA,NA
0.01,20,10,10,"OLE_resamp_caldate","Pleistocene",0.981,2756.70967056531,NA,NA,NA
0.01,20,10,10,"OLE_resamp_norm","Holocene",0.925849639546859,2158.38192017204,NA,NA,NA
0.01,20,10,10,"OLE_resamp_norm","Pleistocene",0.996,3136.63872769084,NA,NA,NA
0.01,20,10,10,"OLE_resamp_unif","Holocene",0.934088568486097,2189.73336971525,NA,NA,NA
0.01,20,10,10,"OLE_resamp_unif","Pleistocene",0.997,3217.41818495878,NA,NA,NA
0.01,20,10,10,"oxcal_trap","Holocene",0.805732484076433,553.960191082803,97.2900636942675,1,0.805732484076433
0.01,20,10,10,"oxcal_trap","Pleistocene",0.828,807.857,90.27352,0.912,0.834429824561403
0.01,20,10,10,"oxcal_unif","Holocene",0.580786026200873,320.587336244541,96.4811681222707,1,0.580786026200873
0.01,20,10,10,"oxcal_unif","Pleistocene",0.648,553.809,92.46439,0.975,0.646153846153846
0.01,20,10,40,"OLE_medians","Holocene",0.829042224510814,1148.22328909989,NA,NA,NA
0.01,20,10,40,"OLE_medians","Pleistocene",0.931,1607.15687176115,NA,NA,NA
0.01,20,10,40,"OLE_resamp_caldate","Holocene",0.959835221421215,1217.23534166583,NA,NA,NA
0.01,20,10,40,"OLE_resamp_caldate","Pleistocene",0.998,1955.58007212833,NA,NA,NA
0.01,20,10,40,"OLE_resamp_norm","Holocene",0.989701338825953,1326.87876805113,NA,NA,NA
0.01,20,10,40,"OLE_resamp_norm","Pleistocene",0.999,2402.91208619681,NA,NA,NA
0.01,20,10,40,"OLE_resamp_unif","Holocene",0.982492276004119,1344.50227823385,NA,NA,NA
0.01,20,10,40,"OLE_resamp_unif","Pleistocene",0.999,2163.18774382618,NA,NA,NA
0.01,20,10,80,"OLE_medians","Holocene",0.849639546858908,876.609587841138,NA,NA,NA
0.01,20,10,80,"OLE_medians","Pleistocene",0.973,1441.00741688654,NA,NA,NA
0.01,20,10,80,"OLE_resamp_caldate","Holocene",0.985581874356334,959.373707082786,NA,NA,NA
0.01,20,10,80,"OLE_resamp_caldate","Pleistocene",1,1688.39678501892,NA,NA,NA
0.01,20,10,80,"OLE_resamp_norm","Holocene",0.997940267765191,1110.38419963793,NA,NA,NA
0.01,20,10,80,"OLE_resamp_norm","Pleistocene",1,2160.16402652876,NA,NA,NA
0.01,20,10,80,"OLE_resamp_unif","Holocene",0.991761071060762,1113.03665108887,NA,NA,NA
0.01,20,10,80,"OLE_resamp_unif","Pleistocene",0.964,1813.25829124621,NA,NA,NA
0.01,20,40,40,"CRIWM","Holocene",0.538,152.78,NA,NA,NA
0.01,20,40,40,"CRIWM","Pleistocene",0.708,386.95,NA,NA,NA
0.01,20,40,40,"OLE_medians","Holocene",0.741503604531411,1292.16546429395,NA,NA,NA
0.01,20,40,40,"OLE_medians","Pleistocene",0.858,1637.19753948312,NA,NA,NA
0.01,20,40,40,"OLE_resamp_caldate","Holocene",0.838311019567456,1353.61006448129,NA,NA,NA
0.01,20,40,40,"OLE_resamp_caldate","Pleistocene",0.961,1907.72611133851,NA,NA,NA
0.01,20,40,40,"OLE_resamp_norm","Holocene",0.885684860968074,1409.76240322252,NA,NA,NA
0.01,20,40,40,"OLE_resamp_norm","Pleistocene",0.995,2212.50552146459,NA,NA,NA
0.01,20,40,40,"OLE_resamp_unif","Holocene",0.890834191555098,1433.14417303971,NA,NA,NA
0.01,20,40,40,"OLE_resamp_unif","Pleistocene",0.992,2207.54327384566,NA,NA,NA
0.01,20,40,40,"oxcal_trap","Holocene",0.926829268292683,286.548250265111,94.8588971367975,1,0.926829268292683
0.01,20,40,40,"oxcal_trap","Pleistocene",0.926,456.7315,91.83325,0.908,0.932819383259912
0.01,20,40,40,"oxcal_unif","Holocene",0.35815991237678,147.972070098576,91.501139101862,1,0.35815991237678
0.01,20,40,40,"oxcal_unif","Pleistocene",0.446,317.8655,85.13144,0.884,0.429864253393665
0.01,20,40,80,"OLE_medians","Holocene",0.808444902162719,892.8477854769,NA,NA,NA
0.01,20,40,80,"OLE_medians","Pleistocene",0.956,1252.20808374278,NA,NA,NA
0.01,20,40,80,"OLE_resamp_caldate","Holocene",0.942327497425335,962.924496729401,NA,NA,NA
0.01,20,40,80,"OLE_resamp_caldate","Pleistocene",0.999,1478.59175183266,NA,NA,NA
0.01,20,40,80,"OLE_resamp_norm","Holocene",0.971163748712667,1037.74416977296,NA,NA,NA
0.01,20,40,80,"OLE_resamp_norm","Pleistocene",1,1803.60480736157,NA,NA,NA
0.01,20,40,80,"OLE_resamp_unif","Holocene",0.971163748712667,1046.96795282236,NA,NA,NA
0.01,20,40,80,"OLE_resamp_unif","Pleistocene",1,1642.82597427264,NA,NA,NA
0.01,20,80,80,"CRIWM","Holocene",0.717,143.468,NA,NA,NA
0.01,20,80,80,"CRIWM","Pleistocene",0.535,356.496,NA,NA,NA
0.01,20,80,80,"OLE_medians","Holocene",0.770339855818744,1237.94955698509,NA,NA,NA
0.01,20,80,80,"OLE_medians","Pleistocene",0.896,1597.26923246164,NA,NA,NA
0.01,20,80,80,"OLE_resamp_caldate","Holocene",0.877445932028836,1288.9088177082,NA,NA,NA
0.01,20,80,80,"OLE_resamp_caldate","Pleistocene",0.985,1858.19563720752,NA,NA,NA
0.01,20,80,80,"OLE_resamp_norm","Holocene",0.934088568486097,1351.26956917324,NA,NA,NA
0.01,20,80,80,"OLE_resamp_norm","Pleistocene",1,2175.52876556835,NA,NA,NA
0.01,20,80,80,"OLE_resamp_unif","Holocene",0.929969104016478,1367.3017493635,NA,NA,NA
0.01,20,80,80,"OLE_resamp_unif","Pleistocene",0.997,2135.52093989442,NA,NA,NA
0.01,20,80,80,"oxcal_trap","Holocene",0.869565217391304,205.562036055143,91.6362884411453,0.997879109225875,0.871413390010627
0.01,20,80,80,"oxcal_trap","Pleistocene",0.919,366.2535,90.35201,0.889,0.926884139482565
0.01,20,80,80,"oxcal_unif","Holocene",0.192349726775956,98.0814207650273,87.0884918032787,0.99344262295082,0.192519251925193
0.01,20,80,80,"oxcal_unif","Pleistocene",0.234,230.3155,78.41185,0.8,0.21125
0.01,50,5,10,"OLE_medians","Holocene",0.915550978372812,4459.29440403817,NA,NA,NA
0.01,50,5,10,"OLE_medians","Pleistocene",0.936,5128.21842539103,NA,NA,NA
0.01,50,5,10,"OLE_resamp_caldate","Holocene",1,4486.83207270296,NA,NA,NA
0.01,50,5,10,"OLE_resamp_caldate","Pleistocene",1,6150.90196490671,NA,NA,NA
0.01,50,5,10,"OLE_resamp_norm","Holocene",1,5094.06323614202,NA,NA,NA
0.01,50,5,10,"OLE_resamp_norm","Pleistocene",1,7212.44480955055,NA,NA,NA
0.01,50,5,10,"OLE_resamp_unif","Holocene",1,5177.43309650447,NA,NA,NA
0.01,50,5,10,"OLE_resamp_unif","Pleistocene",1,7029.95172919375,NA,NA,NA
0.01,50,5,40,"OLE_medians","Holocene",0.936148300720906,2866.39251453507,NA,NA,NA
0.01,50,5,40,"OLE_medians","Pleistocene",0.966,3656.870289412,NA,NA,NA
0.01,50,5,40,"OLE_resamp_caldate","Holocene",1,3033.99917910276,NA,NA,NA
0.01,50,5,40,"OLE_resamp_caldate","Pleistocene",1,4474.56938529136,NA,NA,NA
0.01,50,5,40,"OLE_resamp_norm","Holocene",1,3489.54623473996,NA,NA,NA
0.01,50,5,40,"OLE_resamp_norm","Pleistocene",1,5648.39076354382,NA,NA,NA
0.01,50,5,40,"OLE_resamp_unif","Holocene",1,3465.23759295766,NA,NA,NA
0.01,50,5,40,"OLE_resamp_unif","Pleistocene",1,4814.69788986245,NA,NA,NA
0.01,50,5,80,"OLE_medians","Holocene",0.949536560247168,2638.97916223654,NA,NA,NA
0.01,50,5,80,"OLE_medians","Pleistocene",0.984,3191.02500155501,NA,NA,NA
0.01,50,5,80,"OLE_resamp_caldate","Holocene",1,2642.84606531365,NA,NA,NA
0.01,50,5,80,"OLE_resamp_caldate","Pleistocene",1,3939.57435969648,NA,NA,NA
0.01,50,5,80,"OLE_resamp_norm","Holocene",1,3224.67224152213,NA,NA,NA
0.01,50,5,80,"OLE_resamp_norm","Pleistocene",1,5225.74322374544,NA,NA,NA
0.01,50,5,80,"OLE_resamp_unif","Holocene",1,3182.8800084629,NA,NA,NA
0.01,50,5,80,"OLE_resamp_unif","Pleistocene",1,4245.0105298599,NA,NA,NA
0.01,50,10,10,"CRIWM","Holocene",0.393,257.075,NA,NA,NA
0.01,50,10,10,"CRIWM","Pleistocene",0.733,482.133,NA,NA,NA
0.01,50,10,10,"OLE_medians","Holocene",0.840370751802266,2120.15231651683,NA,NA,NA
0.01,50,10,10,"OLE_medians","Pleistocene",0.866,2432.83144575237,NA,NA,NA
0.01,50,10,10,"OLE_resamp_caldate","Holocene",0.938208032955716,2241.22364785168,NA,NA,NA
0.01,50,10,10,"OLE_resamp_caldate","Pleistocene",0.976,2831.91695185715,NA,NA,NA
0.01,50,10,10,"OLE_resamp_norm","Holocene",0.975283213182286,2399.10803370866,NA,NA,NA
0.01,50,10,10,"OLE_resamp_norm","Pleistocene",0.999,3261.81059593767,NA,NA,NA
0.01,50,10,10,"OLE_resamp_unif","Holocene",0.981462409886715,2453.32685702208,NA,NA,NA
0.01,50,10,10,"OLE_resamp_unif","Pleistocene",0.999,3344.27154729109,NA,NA,NA
0.01,50,10,10,"oxcal_trap","Holocene",0.831389183457052,632.314422057264,97.6360127253446,0.998939554612937,0.832271762208068
0.01,50,10,10,"oxcal_trap","Pleistocene",0.835,842.5685,89.50594,0.923,0.839653304442037
0.01,50,10,10,"oxcal_unif","Holocene",0.613785557986871,384.912472647702,95.8492450765864,1,0.613785557986871
0.01,50,10,10,"oxcal_unif","Pleistocene",0.673,568.881,91.4044,0.978,0.669734151329243
0.01,50,10,40,"OLE_medians","Holocene",0.867147270854789,1258.2250457585,NA,NA,NA
0.01,50,10,40,"OLE_medians","Pleistocene",0.933,1651.67028257163,NA,NA,NA
0.01,50,10,40,"OLE_resamp_caldate","Holocene",0.984552008238929,1369.04317277612,NA,NA,NA
0.01,50,10,40,"OLE_resamp_caldate","Pleistocene",0.997,1978.33896934459,NA,NA,NA
0.01,50,10,40,"OLE_resamp_norm","Holocene",0.998970133882595,1571.47909860728,NA,NA,NA
0.01,50,10,40,"OLE_resamp_norm","Pleistocene",1,2463.40444063188,NA,NA,NA
0.01,50,10,40,"OLE_resamp_unif","Holocene",1,1552.1454906597,NA,NA,NA
0.01,50,10,40,"OLE_resamp_unif","Pleistocene",1,2183.78439071348,NA,NA,NA
0.01,50,10,80,"OLE_medians","Holocene",0.906282183316169,1032.35543280375,NA,NA,NA
0.01,50,10,80,"OLE_medians","Pleistocene",0.974,1394.94690593291,NA,NA,NA
0.01,50,10,80,"OLE_resamp_caldate","Holocene",0.996910401647786,1164.39841287442,NA,NA,NA
0.01,50,10,80,"OLE_resamp_caldate","Pleistocene",1,1698.3206801217,NA,NA,NA
0.01,50,10,80,"OLE_resamp_norm","Holocene",1,1408.0111475191,NA,NA,NA
0.01,50,10,80,"OLE_resamp_norm","Pleistocene",1,2237.2610926105,NA,NA,NA
0.01,50,10,80,"OLE_resamp_unif","Holocene",1,1369.03654364322,NA,NA,NA
0.01,50,10,80,"OLE_resamp_unif","Pleistocene",0.965,1863.97145402935,NA,NA,NA
0.01,50,40,40,"CRIWM","Holocene",0.776,225.652,NA,NA,NA
0.01,50,40,40,"CRIWM","Pleistocene",0.721,407.14,NA,NA,NA
0.01,50,40,40,"OLE_medians","Holocene",0.750772399588054,1349.87266047044,NA,NA,NA
0.01,50,40,40,"OLE_medians","Pleistocene",0.853,1667.43921762004,NA,NA,NA
0.01,50,40,40,"OLE_resamp_caldate","Holocene",0.884654994850669,1451.41429288573,NA,NA,NA
0.01,50,40,40,"OLE_resamp_caldate","Pleistocene",0.974,1951.08595375783,NA,NA,NA
0.01,50,40,40,"OLE_resamp_norm","Holocene",0.957775489186406,1579.73428403114,NA,NA,NA
0.01,50,40,40,"OLE_resamp_norm","Pleistocene",0.997,2285.31031638578,NA,NA,NA
0.01,50,40,40,"OLE_resamp_unif","Holocene",0.96086508753862,1609.76595481478,NA,NA,NA
0.01,50,40,40,"OLE_resamp_unif","Pleistocene",0.994,2277.53318467034,NA,NA,NA
0.01,50,40,40,"oxcal_trap","Holocene",0.92152704135737,331.134676564157,97.2771686108165,1,0.92152704135737
0.01,50,40,40,"oxcal_trap","Pleistocene",0.939,479.734,92.20901,0.91,0.942857142857143
0.01,50,40,40,"oxcal_unif","Holocene",0.365027322404372,194.527868852459,90.678043715847,0.995628415300546,0.366630076838639
0.01,50,40,40,"oxcal_unif","Pleistocene",0.488,337.4875,85.09764,0.884,0.464932126696833
0.01,50,40,80,"OLE_medians","Holocene",0.883625128733265,974.86282443779,NA,NA,NA
0.01,50,40,80,"OLE_medians","Pleistocene",0.964,1266.61984139945,NA,NA,NA
0.01,50,40,80,"OLE_resamp_caldate","Holocene",0.976313079299691,1081.50761895552,NA,NA,NA
0.01,50,40,80,"OLE_resamp_caldate","Pleistocene",0.997,1509.12298128524,NA,NA,NA
0.01,50,40,80,"OLE_resamp_norm","Holocene",0.998970133882595,1239.02010138549,NA,NA,NA
0.01,50,40,80,"OLE_resamp_norm","Pleistocene",1,1876.45822830789,NA,NA,NA
0.01,50,40,80,"OLE_resamp_unif","Holocene",0.997940267765191,1237.65612254579,NA,NA,NA
0.01,50,40,80,"OLE_resamp_unif","Pleistocene",1,1695.13496372829,NA,NA,NA
0.01,50,80,80,"CRIWM","Holocene",0.851,213.331,NA,NA,NA
0.01,50,80,80,"CRIWM","Pleistocene",0.501,374.121,NA,NA,NA
0.01,50,80,80,"OLE_medians","Holocene",0.819773429454171,1303.49818520488,NA,NA,NA
0.01,50,80,80,"OLE_medians","Pleistocene",0.892,1623.52035799898,NA,NA,NA
0.01,50,80,80,"OLE_resamp_caldate","Holocene",0.950566426364573,1405.95003952564,NA,NA,NA
0.01,50,80,80,"OLE_resamp_caldate","Pleistocene",0.989,1905.93195080765,NA,NA,NA
0.01,50,80,80,"OLE_resamp_norm","Holocene",0.986611740473738,1549.6918928381,NA,NA,NA
0.01,50,80,80,"OLE_resamp_norm","Pleistocene",1,2255.25211414609,NA,NA,NA
0.01,50,80,80,"OLE_resamp_unif","Holocene",0.987641606591143,1571.63306392892,NA,NA,NA
0.01,50,80,80,"OLE_resamp_unif","Pleistocene",0.999,2211.59411454535,NA,NA,NA
0.01,50,80,80,"oxcal_trap","Holocene",0.896076352067869,252.153764581124,95.270816542948,1,0.896076352067869
0.01,50,80,80,"oxcal_trap","Pleistocene",0.915,380.305,89.05905,0.891,0.929292929292929
0.01,50,80,80,"oxcal_unif","Holocene",0.161007667031763,134.513143483023,85.777721796276,0.979189485213582,0.164429530201342
0.01,50,80,80,"oxcal_unif","Pleistocene",0.253,244.834,77.74919,0.81,0.234567901234568
0.03,20,5,10,"OLE_medians","Holocene",0.917610710607621,3352.6047724081,NA,NA,NA
0.03,20,5,10,"OLE_medians","Pleistocene",0.97,4831.02574922409,NA,NA,NA
0.03,20,5,10,"OLE_resamp_caldate","Holocene",0.993820803295572,3323.46853613858,NA,NA,NA
0.03,20,5,10,"OLE_resamp_caldate","Pleistocene",1,5460.45275929932,NA,NA,NA
0.03,20,5,10,"OLE_resamp_norm","Holocene",1,3681.2246898617,NA,NA,NA
0.03,20,5,10,"OLE_resamp_norm","Pleistocene",1,6604.79642191222,NA,NA,NA
0.03,20,5,10,"OLE_resamp_unif","Holocene",1,3745.17492609389,NA,NA,NA
0.03,20,5,10,"OLE_resamp_unif","Pleistocene",1,6522.8746015551,NA,NA,NA
0.03,20,5,40,"OLE_medians","Holocene",0.870236869207003,2086.9402454279,NA,NA,NA
0.03,20,5,40,"OLE_medians","Pleistocene",0.98,3271.51769277861,NA,NA,NA
0.03,20,5,40,"OLE_resamp_caldate","Holocene",1,1969.95367108889,NA,NA,NA
0.03,20,5,40,"OLE_resamp_caldate","Pleistocene",1,3912.00963230437,NA,NA,NA
0.03,20,5,40,"OLE_resamp_norm","Holocene",1,2349.70452272898,NA,NA,NA
0.03,20,5,40,"OLE_resamp_norm","Pleistocene",1,5055.962929632,NA,NA,NA
0.03,20,5,40,"OLE_resamp_unif","Holocene",1,2343.84331946896,NA,NA,NA
0.03,20,5,40,"OLE_resamp_unif","Pleistocene",1,4119.97885110241,NA,NA,NA
0.03,20,5,80,"OLE_medians","Holocene",0.884654994850669,2157.23766697593,NA,NA,NA
0.03,20,5,80,"OLE_medians","Pleistocene",0.982,2652.86798500133,NA,NA,NA
0.03,20,5,80,"OLE_resamp_caldate","Holocene",1,1742.99663986663,NA,NA,NA
0.03,20,5,80,"OLE_resamp_caldate","Pleistocene",1,3485.46143056584,NA,NA,NA
0.03,20,5,80,"OLE_resamp_norm","Holocene",1,2100.3420578958,NA,NA,NA
0.03,20,5,80,"OLE_resamp_norm","Pleistocene",1,4703.87244813813,NA,NA,NA
0.03,20,5,80,"OLE_resamp_unif","Holocene",1,1955.12970950086,NA,NA,NA
0.03,20,5,80,"OLE_resamp_unif","Pleistocene",1,3560.56861963489,NA,NA,NA
0.03,20,10,10,"CRIWM","Holocene",0.323,165.148,NA,NA,NA
0.03,20,10,10,"CRIWM","Pleistocene",0.8,448.254,NA,NA,NA
0.03,20,10,10,"OLE_medians","Holocene",0.873326467559217,1871.45761366046,NA,NA,NA
0.03,20,10,10,"OLE_medians","Pleistocene",0.928,2336.59430195983,NA,NA,NA
0.03,20,10,10,"OLE_resamp_caldate","Holocene",0.952626158599382,1973.19078770809,NA,NA,NA
0.03,20,10,10,"OLE_resamp_caldate","Pleistocene",0.994,2725.87013843388,NA,NA,NA
0.03,20,10,10,"OLE_resamp_norm","Holocene",0.967044284243048,2051.49831952711,NA,NA,NA
0.03,20,10,10,"OLE_resamp_norm","Pleistocene",0.999,3126.34759225104,NA,NA,NA
0.03,20,10,10,"OLE_resamp_unif","Holocene",0.973223480947477,2090.07119751931,NA,NA,NA
0.03,20,10,10,"OLE_resamp_unif","Pleistocene",0.999,3219.97005191915,NA,NA,NA
0.03,20,10,10,"oxcal_trap","Holocene",0.850477200424178,598.576352067868,97.2360339342524,1,0.850477200424178
0.03,20,10,10,"oxcal_trap","Pleistocene",0.839,812.8275,91.7341,0.923,0.837486457204767
0.03,20,10,10,"oxcal_unif","Holocene",0.755750273822563,324.287513691128,96.372256297919,1,0.755750273822563
0.03,20,10,10,"oxcal_unif","Pleistocene",0.783,560.1325,92.91111,0.969,0.78328173374613
0.03,20,10,40,"OLE_medians","Holocene",0.809474768280124,803.18054668727,NA,NA,NA
0.03,20,10,40,"OLE_medians","Pleistocene",0.953,1417.78413681092,NA,NA,NA
0.03,20,10,40,"OLE_resamp_caldate","Holocene",0.978372811534501,920.609843438325,NA,NA,NA
0.03,20,10,40,"OLE_resamp_caldate","Pleistocene",0.999,1732.74855106804,NA,NA,NA
0.03,20,10,40,"OLE_resamp_norm","Holocene",0.998970133882595,1069.2575617697,NA,NA,NA
0.03,20,10,40,"OLE_resamp_norm","Pleistocene",1,2210.35052611445,NA,NA,NA
0.03,20,10,40,"OLE_resamp_unif","Holocene",0.996910401647786,1075.52796349243,NA,NA,NA
0.03,20,10,40,"OLE_resamp_unif","Pleistocene",1,1906.2827875976,NA,NA,NA
0.03,20,10,80,"OLE_medians","Holocene",0.84346035015448,715.956153531709,NA,NA,NA
0.03,20,10,80,"OLE_medians","Pleistocene",0.981,1191.53435019137,NA,NA,NA
0.03,20,10,80,"OLE_resamp_caldate","Holocene",0.994850669412976,754.166421602692,NA,NA,NA
0.03,20,10,80,"OLE_resamp_caldate","Pleistocene",1,1493.42581774618,NA,NA,NA
0.03,20,10,80,"OLE_resamp_norm","Holocene",0.997940267765191,917.257123123935,NA,NA,NA
0.03,20,10,80,"OLE_resamp_norm","Pleistocene",1,2004.42204411198,NA,NA,NA
0.03,20,10,80,"OLE_resamp_unif","Holocene",0.994850669412976,873.400149319662,NA,NA,NA
0.03,20,10,80,"OLE_resamp_unif","Pleistocene",0.948,1571.00694407116,NA,NA,NA
0.03,20,40,40,"CRIWM","Holocene",0.696,141.534,NA,NA,NA
0.03,20,40,40,"CRIWM","Pleistocene",0.62,370.082,NA,NA,NA
0.03,20,40,40,"OLE_medians","Holocene",0.748712667353244,1205.52080835096,NA,NA,NA
0.03,20,40,40,"OLE_medians","Pleistocene",0.897,1602.88471285316,NA,NA,NA
0.03,20,40,40,"OLE_resamp_caldate","Holocene",0.905252317198764,1288.04787316425,NA,NA,NA
0.03,20,40,40,"OLE_resamp_caldate","Pleistocene",0.992,1881.40356951972,NA,NA,NA
0.03,20,40,40,"OLE_resamp_norm","Holocene",0.953656024716787,1361.31543526519,NA,NA,NA
0.03,20,40,40,"OLE_resamp_norm","Pleistocene",1,2193.25383373819,NA,NA,NA
0.03,20,40,40,"OLE_resamp_unif","Holocene",0.953656024716787,1385.53798986854,NA,NA,NA
0.03,20,40,40,"OLE_resamp_unif","Pleistocene",1,2185.13351816347,NA,NA,NA
0.03,20,40,40,"oxcal_trap","Holocene",0.992569002123142,290.432590233546,95.3822080679406,1,0.992569002123142
0.03,20,40,40,"oxcal_trap","Pleistocene",0.984,472.385,93.9095,0.923,0.986998916576381
0.03,20,40,40,"oxcal_unif","Holocene",0.670305676855895,152.288755458515,93.0901091703057,1,0.670305676855895
0.03,20,40,40,"oxcal_unif","Pleistocene",0.807,323.553,88.27579,0.912,0.805921052631579
0.03,20,40,80,"OLE_medians","Holocene",0.815653964984552,729.228924011506,NA,NA,NA
0.03,20,40,80,"OLE_medians","Pleistocene",0.968,1096.12618837653,NA,NA,NA
0.03,20,40,80,"OLE_resamp_caldate","Holocene",0.956745623069001,798.484522346052,NA,NA,NA
0.03,20,40,80,"OLE_resamp_caldate","Pleistocene",0.999,1339.66721517897,NA,NA,NA
0.03,20,40,80,"OLE_resamp_norm","Holocene",0.989701338825953,886.304413660867,NA,NA,NA
0.03,20,40,80,"OLE_resamp_norm","Pleistocene",1,1694.88428224762,NA,NA,NA
0.03,20,40,80,"OLE_resamp_unif","Holocene",0.983522142121524,889.613126658659,NA,NA,NA
0.03,20,40,80,"OLE_resamp_unif","Pleistocene",1,1525.45944256282,NA,NA,NA
0.03,20,80,80,"CRIWM","Holocene",0.759,129.899,NA,NA,NA
0.03,20,80,80,"CRIWM","Pleistocene",0.312,337.927,NA,NA,NA
0.03,20,80,80,"OLE_medians","Holocene",0.786817713697219,1181.92234539,NA,NA,NA
0.03,20,80,80,"OLE_medians","Pleistocene",0.945,1562.04158474667,NA,NA,NA
0.03,20,80,80,"OLE_resamp_caldate","Holocene",0.932028836251287,1239.97898695079,NA,NA,NA
0.03,20,80,80,"OLE_resamp_caldate","Pleistocene",0.997,1836.08080360632,NA,NA,NA
0.03,20,80,80,"OLE_resamp_norm","Holocene",0.972193614830072,1314.93156968733,NA,NA,NA
0.03,20,80,80,"OLE_resamp_norm","Pleistocene",1,2169.12493813972,NA,NA,NA
0.03,20,80,80,"OLE_resamp_unif","Holocene",0.963954685890834,1328.96579571402,NA,NA,NA
0.03,20,80,80,"OLE_resamp_unif","Pleistocene",1,2122.27101531587,NA,NA,NA
0.03,20,80,80,"oxcal_trap","Holocene",0.979872881355932,193.060911016949,92.889968220339,1,0.979872881355932
0.03,20,80,80,"oxcal_trap","Pleistocene",0.991,363.6625,93.65513,0.911,0.993413830954994
0.03,20,80,80,"oxcal_unif","Holocene",0.487404162102957,106.826396495071,89.3657064622125,0.997809419496167,0.487376509330406
0.03,20,80,80,"oxcal_unif","Pleistocene",0.701,237.013,84.3693,0.857,0.683780630105018
0.03,50,5,10,"OLE_medians","Holocene",0.939300411522634,3621.00269103004,NA,NA,NA
0.03,50,5,10,"OLE_medians","Pleistocene",0.972,4601.26643614463,NA,NA,NA
0.03,50,5,10,"OLE_resamp_caldate","Holocene",1,3975.90336559088,NA,NA,NA
0.03,50,5,10,"OLE_resamp_caldate","Pleistocene",1,5650.2125272874,NA,NA,NA
0.03,50,5,10,"OLE_resamp_norm","Holocene",1,4570.37052698036,NA,NA,NA
0.03,50,5,10,"OLE_resamp_norm","Pleistocene",1,6890.03134537872,NA,NA,NA
0.03,50,5,10,"OLE_resamp_unif","Holocene",1,4737.82559652607,NA,NA,NA
0.03,50,5,10,"OLE_resamp_unif","Pleistocene",1,6780.02624069777,NA,NA,NA
0.03,50,5,40,"OLE_medians","Holocene",0.950617283950617,2280.78566399247,NA,NA,NA
0.03,50,5,40,"OLE_medians","Pleistocene",0.985,3412.10840301316,NA,NA,NA
0.03,50,5,40,"OLE_resamp_caldate","Holocene",1,2558.40567629939,NA,NA,NA
0.03,50,5,40,"OLE_resamp_caldate","Pleistocene",1,4087.58123846146,NA,NA,NA
0.03,50,5,40,"OLE_resamp_norm","Holocene",1,3152.62214363679,NA,NA,NA
0.03,50,5,40,"OLE_resamp_norm","Pleistocene",1,5441.86745013729,NA,NA,NA
0.03,50,5,40,"OLE_resamp_unif","Holocene",1,2966.91378089193,NA,NA,NA
0.03,50,5,40,"OLE_resamp_unif","Pleistocene",1,4464.35303074043,NA,NA,NA
0.03,50,5,80,"OLE_medians","Holocene",0.967078189300412,2089.8361845316,NA,NA,NA
0.03,50,5,80,"OLE_medians","Pleistocene",0.985,2816.30539047568,NA,NA,NA
0.03,50,5,80,"OLE_resamp_caldate","Holocene",1,2233.69847080739,NA,NA,NA
0.03,50,5,80,"OLE_resamp_caldate","Pleistocene",1,3773.6823686868,NA,NA,NA
0.03,50,5,80,"OLE_resamp_norm","Holocene",1,2828.48490623486,NA,NA,NA
0.03,50,5,80,"OLE_resamp_norm","Pleistocene",1,5081.46967455543,NA,NA,NA
0.03,50,5,80,"OLE_resamp_unif","Holocene",1,2486.28030724461,NA,NA,NA
0.03,50,5,80,"OLE_resamp_unif","Pleistocene",1,3894.04944164128,NA,NA,NA
0.03,50,10,10,"CRIWM","Holocene",0.599,253.462,NA,NA,NA
0.03,50,10,10,"CRIWM","Pleistocene",0.819,476.902,NA,NA,NA
0.03,50,10,10,"OLE_medians","Holocene",0.902263374485597,2033.64911462106,NA,NA,NA
0.03,50,10,10,"OLE_medians","Pleistocene",0.925,2392.43959155073,NA,NA,NA
0.03,50,10,10,"OLE_resamp_caldate","Holocene",0.983539094650206,2172.46655260225,NA,NA,NA
0.03,50,10,10,"OLE_resamp_caldate","Pleistocene",0.993,2834.82338394977,NA,NA,NA
0.03,50,10,10,"OLE_resamp_norm","Holocene",0.994855967078189,2339.89214724656,NA,NA,NA
0.03,50,10,10,"OLE_resamp_norm","Pleistocene",0.999,3258.73819861893,NA,NA,NA
0.03,50,10,10,"OLE_resamp_unif","Holocene",0.996913580246914,2409.37449473254,NA,NA,NA
0.03,50,10,10,"OLE_resamp_unif","Pleistocene",0.999,3357.13993588838,NA,NA,NA
0.03,50,10,10,"oxcal_trap","Holocene",0.868504772004242,672.194591728526,98.2121102863203,1,0.868504772004242
0.03,50,10,10,"oxcal_trap","Pleistocene",0.855,866.698,91.16266,0.935,0.857754010695187
0.03,50,10,10,"oxcal_unif","Holocene",0.768893756845564,391.861993428258,96.5321467688938,1,0.768893756845564
0.03,50,10,10,"oxcal_unif","Pleistocene",0.774,581.36,92.86019,0.981,0.773700305810398
0.03,50,10,40,"OLE_medians","Holocene",0.891975308641975,962.341967575216,NA,NA,NA
0.03,50,10,40,"OLE_medians","Pleistocene",0.967,1452.45873078896,NA,NA,NA
0.03,50,10,40,"OLE_resamp_caldate","Holocene",0.997942386831276,1137.63840294575,NA,NA,NA
0.03,50,10,40,"OLE_resamp_caldate","Pleistocene",1,1791.60303929948,NA,NA,NA
0.03,50,10,40,"OLE_resamp_norm","Holocene",1,1402.9396277733,NA,NA,NA
0.03,50,10,40,"OLE_resamp_norm","Pleistocene",1,2359.7092477639,NA,NA,NA
0.03,50,10,40,"OLE_resamp_unif","Holocene",1,1366.07509351872,NA,NA,NA
0.03,50,10,40,"OLE_resamp_unif","Pleistocene",1,2033.70014463865,NA,NA,NA
0.03,50,10,80,"OLE_medians","Holocene",0.929012345679012,809.895223987831,NA,NA,NA
0.03,50,10,80,"OLE_medians","Pleistocene",0.981,1255.1064042806,NA,NA,NA
0.03,50,10,80,"OLE_resamp_caldate","Holocene",0.996913580246914,947.541620351201,NA,NA,NA
0.03,50,10,80,"OLE_resamp_caldate","Pleistocene",1,1597.1420411368,NA,NA,NA
0.03,50,10,80,"OLE_resamp_norm","Holocene",1,1228.58986001531,NA,NA,NA
0.03,50,10,80,"OLE_resamp_norm","Pleistocene",1,2153.32356152532,NA,NA,NA
0.03,50,10,80,"OLE_resamp_unif","Holocene",1,1109.47446067547,NA,NA,NA
0.03,50,10,80,"OLE_resamp_unif","Pleistocene",0.943,1698.71095122449,NA,NA,NA
0.03,50,40,40,"CRIWM","Holocene",0.875,215.089,NA,NA,NA
0.03,50,40,40,"CRIWM","Pleistocene",0.568,393.525,NA,NA,NA
0.03,50,40,40,"OLE_medians","Holocene",0.820987654320988,1289.48129794607,NA,NA,NA
0.03,50,40,40,"OLE_medians","Pleistocene",0.92,1630.26564652882,NA,NA,NA
0.03,50,40,40,"OLE_resamp_caldate","Holocene",0.969135802469136,1410.80107251267,NA,NA,NA
0.03,50,40,40,"OLE_resamp_caldate","Pleistocene",0.995,1936.07048586328,NA,NA,NA
0.03,50,40,40,"OLE_resamp_norm","Holocene",0.993827160493827,1563.67964215185,NA,NA,NA
0.03,50,40,40,"OLE_resamp_norm","Pleistocene",1,2287.12847755343,NA,NA,NA
0.03,50,40,40,"OLE_resamp_unif","Holocene",0.994855967078189,1596.38839209088,NA,NA,NA
0.03,50,40,40,"OLE_resamp_unif","Pleistocene",1,2278.38017646482,NA,NA,NA
0.03,50,40,40,"oxcal_trap","Holocene",0.992576882290562,333.401908801697,98.9951325556734,1,0.992576882290562
0.03,50,40,40,"oxcal_trap","Pleistocene",0.988,490.6135,92.96176,0.907,0.992282249173098
0.03,50,40,40,"oxcal_unif","Holocene",0.746448087431694,196.709836065574,94.2668306010929,0.997814207650273,0.745892661555312
0.03,50,40,40,"oxcal_unif","Pleistocene",0.839,344.958,87.51866,0.904,0.837389380530973
0.03,50,40,80,"OLE_medians","Holocene",0.897119341563786,804.273811089073,NA,NA,NA
0.03,50,40,80,"OLE_medians","Pleistocene",0.974,1133.21314387184,NA,NA,NA
0.03,50,40,80,"OLE_resamp_caldate","Holocene",0.990740740740741,922.563152114696,NA,NA,NA
0.03,50,40,80,"OLE_resamp_caldate","Pleistocene",0.999,1401.0664006365,NA,NA,NA
0.03,50,40,80,"OLE_resamp_norm","Holocene",1,1102.58096442566,NA,NA,NA
0.03,50,40,80,"OLE_resamp_norm","Pleistocene",1,1788.20965711255,NA,NA,NA
0.03,50,40,80,"OLE_resamp_unif","Holocene",1,1088.92879696464,NA,NA,NA
0.03,50,40,80,"OLE_resamp_unif","Pleistocene",1,1599.79636927803,NA,NA,NA
0.03,50,80,80,"CRIWM","Holocene",0.736,197.419,NA,NA,NA
0.03,50,80,80,"CRIWM","Pleistocene",0.255,364.036,NA,NA,NA
0.03,50,80,80,"OLE_medians","Holocene",0.866255144032922,1246.00951604682,NA,NA,NA
0.03,50,80,80,"OLE_medians","Pleistocene",0.948,1605.623321662,NA,NA,NA
0.03,50,80,80,"OLE_resamp_caldate","Holocene",0.980452674897119,1361.83801195768,NA,NA,NA
0.03,50,80,80,"OLE_resamp_caldate","Pleistocene",0.995,1901.42796385346,NA,NA,NA
0.03,50,80,80,"OLE_resamp_norm","Holocene",1,1524.25189007302,NA,NA,NA
0.03,50,80,80,"OLE_resamp_norm","Pleistocene",1,2261.53210484474,NA,NA,NA
0.03,50,80,80,"OLE_resamp_unif","Holocene",0.998971193415638,1539.81804103126,NA,NA,NA
0.03,50,80,80,"OLE_resamp_unif","Pleistocene",1,2211.5752549759,NA,NA,NA
0.03,50,80,80,"oxcal_trap","Holocene",0.985153764581124,233.185047720042,97.9322587486744,1,0.985153764581124
0.03,50,80,80,"oxcal_trap","Pleistocene",0.981,380.877,91.63101,0.908,0.983480176211454
0.03,50,80,80,"oxcal_unif","Holocene",0.572210065645514,139.853938730853,91.8660175054705,0.9945295404814,0.572057205720572
0.03,50,80,80,"oxcal_unif","Pleistocene",0.742,250.788,81.92489,0.837,0.72520908004779
0.06,20,5,10,"OLE_medians","Holocene",0.944444444444444,3163.55236683515,NA,NA,NA
0.06,20,5,10,"OLE_medians","Pleistocene",0.977,4649.95673798896,NA,NA,NA
0.06,20,5,10,"OLE_resamp_caldate","Holocene",0.998971193415638,3303.82868201815,NA,NA,NA
0.06,20,5,10,"OLE_resamp_caldate","Pleistocene",1,5528.99555745112,NA,NA,NA
0.06,20,5,10,"OLE_resamp_norm","Holocene",1,3662.05371705222,NA,NA,NA
0.06,20,5,10,"OLE_resamp_norm","Pleistocene",1,6523.62849084255,NA,NA,NA
0.06,20,5,10,"OLE_resamp_unif","Holocene",1,3788.40273634796,NA,NA,NA
0.06,20,5,10,"OLE_resamp_unif","Pleistocene",1,6532.03304983817,NA,NA,NA
0.06,20,5,40,"OLE_medians","Holocene",0.902263374485597,1883.58567525848,NA,NA,NA
0.06,20,5,40,"OLE_medians","Pleistocene",0.988,3264.93124245111,NA,NA,NA
0.06,20,5,40,"OLE_resamp_caldate","Holocene",1,1781.93942098618,NA,NA,NA
0.06,20,5,40,"OLE_resamp_caldate","Pleistocene",1,3813.87732064014,NA,NA,NA
0.06,20,5,40,"OLE_resamp_norm","Holocene",1,2142.78214537351,NA,NA,NA
0.06,20,5,40,"OLE_resamp_norm","Pleistocene",1,5120.32870902338,NA,NA,NA
0.06,20,5,40,"OLE_resamp_unif","Holocene",1,2071.15964652533,NA,NA,NA
0.06,20,5,40,"OLE_resamp_unif","Pleistocene",1,4202.52007596439,NA,NA,NA
0.06,20,5,80,"OLE_medians","Holocene",0.90843621399177,1829.2053889712,NA,NA,NA
0.06,20,5,80,"OLE_medians","Pleistocene",0.977,2688.1491435127,NA,NA,NA
0.06,20,5,80,"OLE_resamp_caldate","Holocene",1,1505.35643987631,NA,NA,NA
0.06,20,5,80,"OLE_resamp_caldate","Pleistocene",1,3512.67896221458,NA,NA,NA
0.06,20,5,80,"OLE_resamp_norm","Holocene",1,1867.08267282267,NA,NA,NA
0.06,20,5,80,"OLE_resamp_norm","Pleistocene",1,4725.24264069328,NA,NA,NA
0.06,20,5,80,"OLE_resamp_unif","Holocene",1,1665.63478834036,NA,NA,NA
0.06,20,5,80,"OLE_resamp_unif","Pleistocene",1,3568.23965253312,NA,NA,NA
0.06,20,10,10,"CRIWM","Holocene",0.448,164.814,NA,NA,NA
0.06,20,10,10,"CRIWM","Pleistocene",0.836,460.153,NA,NA,NA
0.06,20,10,10,"OLE_medians","Holocene",0.905349794238683,1916.85480022972,NA,NA,NA
0.06,20,10,10,"OLE_medians","Pleistocene",0.94,2404.49543961379,NA,NA,NA
0.06,20,10,10,"OLE_resamp_caldate","Holocene",0.958847736625514,2022.03753963894,NA,NA,NA
0.06,20,10,10,"OLE_resamp_caldate","Pleistocene",0.993,2803.97356531284,NA,NA,NA
0.06,20,10,10,"OLE_resamp_norm","Holocene",0.970164609053498,2105.12448410398,NA,NA,NA
0.06,20,10,10,"OLE_resamp_norm","Pleistocene",0.999,3166.24308471181,NA,NA,NA
0.06,20,10,10,"OLE_resamp_unif","Holocene",0.977366255144033,2150.92756379301,NA,NA,NA
0.06,20,10,10,"OLE_resamp_unif","Pleistocene",0.999,3270.77061915099,NA,NA,NA
0.06,20,10,10,"oxcal_trap","Holocene",0.830328738069989,602.827677624602,97.3337433722163,1,0.830328738069989
0.06,20,10,10,"oxcal_trap","Pleistocene",0.851,845.7285,92.57612,0.948,0.84915611814346
0.06,20,10,10,"oxcal_unif","Holocene",0.777899343544858,330.106673960613,96.6312910284464,1,0.777899343544858
0.06,20,10,10,"oxcal_unif","Pleistocene",0.794,559.4205,93.02078,0.981,0.793068297655454
0.06,20,10,40,"OLE_medians","Holocene",0.840534979423868,712.025045854541,NA,NA,NA
0.06,20,10,40,"OLE_medians","Pleistocene",0.977,1373.17192571494,NA,NA,NA
0.06,20,10,40,"OLE_resamp_caldate","Holocene",0.990740740740741,848.408126945863,NA,NA,NA
0.06,20,10,40,"OLE_resamp_caldate","Pleistocene",1,1685.96836708064,NA,NA,NA
0.06,20,10,40,"OLE_resamp_norm","Holocene",1,992.531053860756,NA,NA,NA
0.06,20,10,40,"OLE_resamp_norm","Pleistocene",1,2223.30887347244,NA,NA,NA
0.06,20,10,40,"OLE_resamp_unif","Holocene",1,995.10736398862,NA,NA,NA
0.06,20,10,40,"OLE_resamp_unif","Pleistocene",1,1923.21276420779,NA,NA,NA
0.06,20,10,80,"OLE_medians","Holocene",0.868312757201646,589.353220058186,NA,NA,NA
0.06,20,10,80,"OLE_medians","Pleistocene",0.988,1156.08116478553,NA,NA,NA
0.06,20,10,80,"OLE_resamp_caldate","Holocene",0.996913580246914,665.672703484808,NA,NA,NA
0.06,20,10,80,"OLE_resamp_caldate","Pleistocene",1,1480.90633295941,NA,NA,NA
0.06,20,10,80,"OLE_resamp_norm","Holocene",1,830.862200652379,NA,NA,NA
0.06,20,10,80,"OLE_resamp_norm","Pleistocene",1,2013.05311400415,NA,NA,NA
0.06,20,10,80,"OLE_resamp_unif","Holocene",1,772.860095024269,NA,NA,NA
0.06,20,10,80,"OLE_resamp_unif","Pleistocene",0.942,1573.81725675289,NA,NA,NA
0.06,20,40,40,"CRIWM","Holocene",0.754,139.356,NA,NA,NA
0.06,20,40,40,"CRIWM","Pleistocene",0.495,366.621,NA,NA,NA
0.06,20,40,40,"OLE_medians","Holocene",0.820987654320988,1201.79751872015,NA,NA,NA
0.06,20,40,40,"OLE_medians","Pleistocene",0.937,1613.10761435404,NA,NA,NA
0.06,20,40,40,"OLE_resamp_caldate","Holocene",0.950617283950617,1285.91109973185,NA,NA,NA
0.06,20,40,40,"OLE_resamp_caldate","Pleistocene",0.996,1894.12422197166,NA,NA,NA
0.06,20,40,40,"OLE_resamp_norm","Holocene",0.979423868312757,1359.069003657,NA,NA,NA
0.06,20,40,40,"OLE_resamp_norm","Pleistocene",1,2219.31775070041,NA,NA,NA
0.06,20,40,40,"OLE_resamp_unif","Holocene",0.975308641975309,1381.79535864393,NA,NA,NA
0.06,20,40,40,"OLE_resamp_unif","Pleistocene",1,2213.6567111704,NA,NA,NA
0.06,20,40,40,"oxcal_trap","Holocene",0.991516436903499,295.019088016967,95.4044962884412,1,0.991516436903499
0.06,20,40,40,"oxcal_trap","Pleistocene",0.967,480.7735,94.88628,0.92,0.969565217391304
0.06,20,40,40,"oxcal_unif","Holocene",0.813800657174151,156.261774370208,93.2954326396495,1,0.813800657174151
0.06,20,40,40,"oxcal_unif","Pleistocene",0.908,331.353,89.59695,0.92,0.91304347826087
0.06,20,40,80,"OLE_medians","Holocene",0.848765432098765,691.725805536056,NA,NA,NA
0.06,20,40,80,"OLE_medians","Pleistocene",0.992,1071.77468438529,NA,NA,NA
0.06,20,40,80,"OLE_resamp_caldate","Holocene",0.966049382716049,765.641057098607,NA,NA,NA
0.06,20,40,80,"OLE_resamp_caldate","Pleistocene",1,1325.23675293773,NA,NA,NA
0.06,20,40,80,"OLE_resamp_norm","Holocene",0.998971193415638,856.596855915833,NA,NA,NA
0.06,20,40,80,"OLE_resamp_norm","Pleistocene",1,1687.94331268265,NA,NA,NA
0.06,20,40,80,"OLE_resamp_unif","Holocene",0.992798353909465,857.591431550692,NA,NA,NA
0.06,20,40,80,"OLE_resamp_unif","Pleistocene",1,1521.45330135142,NA,NA,NA
0.06,20,80,80,"CRIWM","Holocene",0.721,126.215,NA,NA,NA
0.06,20,80,80,"CRIWM","Pleistocene",0.205,335.706,NA,NA,NA
0.06,20,80,80,"OLE_medians","Holocene",0.829218106995885,1174.29163190058,NA,NA,NA
0.06,20,80,80,"OLE_medians","Pleistocene",0.973,1576.23408421155,NA,NA,NA
0.06,20,80,80,"OLE_resamp_caldate","Holocene",0.953703703703704,1238.03682325606,NA,NA,NA
0.06,20,80,80,"OLE_resamp_caldate","Pleistocene",1,1849.5726751748,NA,NA,NA
0.06,20,80,80,"OLE_resamp_norm","Holocene",0.989711934156379,1315.83910627576,NA,NA,NA
0.06,20,80,80,"OLE_resamp_norm","Pleistocene",1,2184.20944872669,NA,NA,NA
0.06,20,80,80,"OLE_resamp_unif","Holocene",0.981481481481482,1329.28240929848,NA,NA,NA
0.06,20,80,80,"OLE_resamp_unif","Pleistocene",1,2138.26210399597,NA,NA,NA
0.06,20,80,80,"oxcal_trap","Holocene",0.989395546129374,192.391304347826,93.3101696712619,1,0.989395546129374
0.06,20,80,80,"oxcal_trap","Pleistocene",0.977,364.4195,93.50801,0.91,0.979120879120879
0.06,20,80,80,"oxcal_unif","Holocene",0.735807860262009,109.0403930131,90.2132205240175,1,0.735807860262009
0.06,20,80,80,"oxcal_unif","Pleistocene",0.865,238.4345,84.80537,0.861,0.868757259001161
0.06,50,5,10,"OLE_medians","Holocene",0.955715756951596,3459.16704676044,NA,NA,NA
0.06,50,5,10,"OLE_medians","Pleistocene",0.968,4449.72562603704,NA,NA,NA
0.06,50,5,10,"OLE_resamp_caldate","Holocene",1,3786.88908007011,NA,NA,NA
0.06,50,5,10,"OLE_resamp_caldate","Pleistocene",1,5524.16515685906,NA,NA,NA
0.06,50,5,10,"OLE_resamp_norm","Holocene",1,4314.5179659302,NA,NA,NA
0.06,50,5,10,"OLE_resamp_norm","Pleistocene",1,6713.92165814643,NA,NA,NA
0.06,50,5,10,"OLE_resamp_unif","Holocene",1,4474.77667930614,NA,NA,NA
0.06,50,5,10,"OLE_resamp_unif","Pleistocene",1,6642.26482707625,NA,NA,NA
0.06,50,5,40,"OLE_medians","Holocene",0.963954685890834,2203.09839572591,NA,NA,NA
0.06,50,5,40,"OLE_medians","Pleistocene",0.986,3415.98820213622,NA,NA,NA
0.06,50,5,40,"OLE_resamp_caldate","Holocene",1,2421.68311125826,NA,NA,NA
0.06,50,5,40,"OLE_resamp_caldate","Pleistocene",1,4129.228215636,NA,NA,NA
0.06,50,5,40,"OLE_resamp_norm","Holocene",1,3050.30928253864,NA,NA,NA
0.06,50,5,40,"OLE_resamp_norm","Pleistocene",1,5384.0056242373,NA,NA,NA
0.06,50,5,40,"OLE_resamp_unif","Holocene",1,2825.72842035529,NA,NA,NA
0.06,50,5,40,"OLE_resamp_unif","Pleistocene",1,4329.92551717868,NA,NA,NA
0.06,50,5,80,"OLE_medians","Holocene",0.979402677651905,2114.85144575232,NA,NA,NA
0.06,50,5,80,"OLE_medians","Pleistocene",0.982,2746.77282662176,NA,NA,NA
0.06,50,5,80,"OLE_resamp_caldate","Holocene",1,2208.64069314321,NA,NA,NA
0.06,50,5,80,"OLE_resamp_caldate","Pleistocene",1,3644.68786094748,NA,NA,NA
0.06,50,5,80,"OLE_resamp_norm","Holocene",1,2836.66464368454,NA,NA,NA
0.06,50,5,80,"OLE_resamp_norm","Pleistocene",1,5013.48543904654,NA,NA,NA
0.06,50,5,80,"OLE_resamp_unif","Holocene",1,2458.75641515934,NA,NA,NA
0.06,50,5,80,"OLE_resamp_unif","Pleistocene",1,3785.69123921795,NA,NA,NA
0.06,50,10,10,"CRIWM","Holocene",0.667,252.047,NA,NA,NA
0.06,50,10,10,"CRIWM","Pleistocene",0.824,478.485,NA,NA,NA
0.06,50,10,10,"OLE_medians","Holocene",0.915550978372812,1981.92163110735,NA,NA,NA
0.06,50,10,10,"OLE_medians","Pleistocene",0.931,2403.65809207464,NA,NA,NA
0.06,50,10,10,"OLE_resamp_caldate","Holocene",0.984552008238929,2141.5842391591,NA,NA,NA
0.06,50,10,10,"OLE_resamp_caldate","Pleistocene",0.996,2821.12927190912,NA,NA,NA
0.06,50,10,10,"OLE_resamp_norm","Holocene",0.993820803295572,2309.41498583183,NA,NA,NA
0.06,50,10,10,"OLE_resamp_norm","Pleistocene",1,3255.19535553817,NA,NA,NA
0.06,50,10,10,"OLE_resamp_unif","Holocene",0.994850669412976,2385.54391583767,NA,NA,NA
0.06,50,10,10,"OLE_resamp_unif","Pleistocene",1,3363.35187241444,NA,NA,NA
0.06,50,10,10,"oxcal_trap","Holocene",0.836691410392365,663.643160127253,98.2362884411453,1,0.836691410392365
0.06,50,10,10,"oxcal_trap","Pleistocene",0.854,869.118,90.99525,0.919,0.852013057671382
0.06,50,10,10,"oxcal_unif","Holocene",0.824235807860262,407.401746724891,96.6868231441048,1,0.824235807860262
0.06,50,10,10,"oxcal_unif","Pleistocene",0.791,586.1075,92.67152,0.981,0.790010193679918
0.06,50,10,40,"OLE_medians","Holocene",0.91967044284243,905.577955959955,NA,NA,NA
0.06,50,10,40,"OLE_medians","Pleistocene",0.982,1461.01595239184,NA,NA,NA
0.06,50,10,40,"OLE_resamp_caldate","Holocene",1,1087.02326106053,NA,NA,NA
0.06,50,10,40,"OLE_resamp_caldate","Pleistocene",1,1797.47050507204,NA,NA,NA
0.06,50,10,40,"OLE_resamp_norm","Holocene",1,1368.7417041236,NA,NA,NA
0.06,50,10,40,"OLE_resamp_norm","Pleistocene",1,2331.7948150893,NA,NA,NA
0.06,50,10,40,"OLE_resamp_unif","Holocene",1,1327.41385406472,NA,NA,NA
0.06,50,10,40,"OLE_resamp_unif","Pleistocene",1,1991.91161620784,NA,NA,NA
0.06,50,10,80,"OLE_medians","Holocene",0.946446961894954,812.086806987869,NA,NA,NA
0.06,50,10,80,"OLE_medians","Pleistocene",0.985,1258.9423968095,NA,NA,NA
0.06,50,10,80,"OLE_resamp_caldate","Holocene",1,934.275843575966,NA,NA,NA
0.06,50,10,80,"OLE_resamp_caldate","Pleistocene",1,1562.4149518485,NA,NA,NA
0.06,50,10,80,"OLE_resamp_norm","Holocene",1,1220.17486650395,NA,NA,NA
0.06,50,10,80,"OLE_resamp_norm","Pleistocene",1,2137.60149613352,NA,NA,NA
0.06,50,10,80,"OLE_resamp_unif","Holocene",1,1091.39063244849,NA,NA,NA
0.06,50,10,80,"OLE_resamp_unif","Pleistocene",0.927,1677.43051154463,NA,NA,NA
0.06,50,40,40,"CRIWM","Holocene",0.84,212.304,NA,NA,NA
0.06,50,40,40,"CRIWM","Pleistocene",0.49,392.844,NA,NA,NA
0.06,50,40,40,"OLE_medians","Holocene",0.866117404737384,1294.85430228321,NA,NA,NA
0.06,50,40,40,"OLE_medians","Pleistocene",0.935,1654.92389297798,NA,NA,NA
0.06,50,40,40,"OLE_resamp_caldate","Holocene",0.982492276004119,1417.26369533432,NA,NA,NA
0.06,50,40,40,"OLE_resamp_caldate","Pleistocene",0.998,1957.98624804498,NA,NA,NA
0.06,50,40,40,"OLE_resamp_norm","Holocene",0.997940267765191,1576.22332615704,NA,NA,NA
0.06,50,40,40,"OLE_resamp_norm","Pleistocene",1,2300.14641644142,NA,NA,NA
0.06,50,40,40,"OLE_resamp_unif","Holocene",0.996910401647786,1609.18541825877,NA,NA,NA
0.06,50,40,40,"OLE_resamp_unif","Pleistocene",1,2288.68729562728,NA,NA,NA
0.06,50,40,40,"oxcal_trap","Holocene",0.980911983032874,335.432661717922,98.9456097560976,1,0.980911983032874
0.06,50,40,40,"oxcal_trap","Pleistocene",0.982,499.477,93.27173,0.91,0.981318681318681
0.06,50,40,40,"oxcal_unif","Holocene",0.872946330777656,199.217415115005,94.6599561883899,0.998904709748083,0.87390350877193
0.06,50,40,40,"oxcal_unif","Pleistocene",0.878,347.9015,88.0469,0.903,0.874861572535991
0.06,50,40,80,"OLE_medians","Holocene",0.925849639546859,793.414376673509,NA,NA,NA
0.06,50,40,80,"OLE_medians","Pleistocene",0.988,1133.54181820332,NA,NA,NA
0.06,50,40,80,"OLE_resamp_caldate","Holocene",0.998970133882595,911.289827309357,NA,NA,NA
0.06,50,40,80,"OLE_resamp_caldate","Pleistocene",1,1397.6770223073,NA,NA,NA
0.06,50,40,80,"OLE_resamp_norm","Holocene",1,1093.92929846794,NA,NA,NA
0.06,50,40,80,"OLE_resamp_norm","Pleistocene",1,1791.27124104173,NA,NA,NA
0.06,50,40,80,"OLE_resamp_unif","Holocene",1,1080.63197928925,NA,NA,NA
0.06,50,40,80,"OLE_resamp_unif","Pleistocene",1,1608.3468002627,NA,NA,NA
0.06,50,80,80,"CRIWM","Holocene",0.561,194.036,NA,NA,NA
0.06,50,80,80,"CRIWM","Pleistocene",0.157,359.79,NA,NA,NA
0.06,50,80,80,"OLE_medians","Holocene",0.918640576725026,1260.30147319274,NA,NA,NA
0.06,50,80,80,"OLE_medians","Pleistocene",0.979,1625.59974229378,NA,NA,NA
0.06,50,80,80,"OLE_resamp_caldate","Holocene",0.993820803295572,1376.22748507218,NA,NA,NA
0.06,50,80,80,"OLE_resamp_caldate","Pleistocene",1,1920.21706422716,NA,NA,NA
0.06,50,80,80,"OLE_resamp_norm","Holocene",1,1541.08449829672,NA,NA,NA
0.06,50,80,80,"OLE_resamp_norm","Pleistocene",1,2283.80813345684,NA,NA,NA
0.06,50,80,80,"OLE_resamp_unif","Holocene",1,1555.8575778359,NA,NA,NA
0.06,50,80,80,"OLE_resamp_unif","Pleistocene",1,2235.35770794795,NA,NA,NA
0.06,50,80,80,"oxcal_trap","Holocene",0.991507430997877,231.259023354565,98.1358704883227,1,0.991507430997877
0.06,50,80,80,"oxcal_trap","Pleistocene",0.959,382.499,93.56187,0.914,0.961706783369803
0.06,50,80,80,"oxcal_unif","Holocene",0.802401746724891,141.53056768559,92.0876855895197,0.995633187772926,0.802631578947368
0.06,50,80,80,"oxcal_unif","Pleistocene",0.884,254.016,84.69607,0.86,0.877906976744186
