"","method","r","Sd","sample_size","ESS_group","Period","accuracy","precision"
"1","CRIWM",0.01,20,10,10,"Holocene",18.5,164.833
"2","CRIWM",0.01,20,10,10,"Pleistocene",68.1,452.141
"3","CRIWM",0.01,20,40,40,"Holocene",54,152.78
"4","CRIWM",0.01,20,40,40,"Pleistocene",71.1,386.95
"5","CRIWM",0.01,20,80,80,"Holocene",72.2,143.468
"6","CRIWM",0.01,20,80,80,"Pleistocene",54.2,356.496
"7","CRIWM",0.01,50,10,10,"Holocene",39.7,257.075
"8","CRIWM",0.01,50,10,10,"Pleistocene",73.5,482.133
"9","CRIWM",0.01,50,40,40,"Holocene",77.8,225.652
"10","CRIWM",0.01,50,40,40,"Pleistocene",72.3,407.14
"11","CRIWM",0.01,50,80,80,"Holocene",85.7,213.331
"12","CRIWM",0.01,50,80,80,"Pleistocene",50.3,374.121
"13","CRIWM",0.03,20,10,10,"Holocene",32.7,165.148
"14","CRIWM",0.03,20,10,10,"Pleistocene",80.1,448.254
"15","CRIWM",0.03,20,40,40,"Holocene",70.1,141.534
"16","CRIWM",0.03,20,40,40,"Pleistocene",62.2,370.082
"17","CRIWM",0.03,20,80,80,"Holocene",76.4,129.899
"18","CRIWM",0.03,20,80,80,"Pleistocene",31.5,337.927
"19","CRIWM",0.03,50,10,10,"Holocene",60.5,253.462
"20","CRIWM",0.03,50,10,10,"Pleistocene",81.9,476.902
"21","CRIWM",0.03,50,40,40,"Holocene",87.6,215.089
"22","CRIWM",0.03,50,40,40,"Pleistocene",57.9,393.525
"23","CRIWM",0.03,50,80,80,"Holocene",74.4,197.419
"24","CRIWM",0.03,50,80,80,"Pleistocene",26.1,364.036
"25","CRIWM",0.06,20,10,10,"Holocene",45.2,164.814
"26","CRIWM",0.06,20,10,10,"Pleistocene",83.7,460.153
"27","CRIWM",0.06,20,40,40,"Holocene",76.1,139.356
"28","CRIWM",0.06,20,40,40,"Pleistocene",49.8,366.621
"29","CRIWM",0.06,20,80,80,"Holocene",72.8,126.215
"30","CRIWM",0.06,20,80,80,"Pleistocene",20.6,335.706
"31","CRIWM",0.06,50,10,10,"Holocene",67.1,252.047
"32","CRIWM",0.06,50,10,10,"Pleistocene",82.7,478.485
"33","CRIWM",0.06,50,40,40,"Holocene",84.3,212.304
"34","CRIWM",0.06,50,40,40,"Pleistocene",49.2,392.844
"35","CRIWM",0.06,50,80,80,"Holocene",57.4,194.036
"36","CRIWM",0.06,50,80,80,"Pleistocene",16.4,359.79
"37","OLE_medians",0.01,20,10,10,"Holocene",81.3594232749742,2013.12492492922
"38","OLE_medians",0.01,20,10,10,"Pleistocene",84.6,2377.51158655691
"39","OLE_medians",0.01,20,10,5,"Holocene",89.4953656024717,4186.96248976812
"40","OLE_medians",0.01,20,10,5,"Pleistocene",93.8,4914.67055661553
"41","OLE_medians",0.01,20,40,10,"Holocene",82.9042224510814,1148.22328909989
"42","OLE_medians",0.01,20,40,10,"Pleistocene",93.1,1607.15687176115
"43","OLE_medians",0.01,20,40,40,"Holocene",74.1503604531411,1292.16546429395
"44","OLE_medians",0.01,20,40,40,"Pleistocene",85.8,1637.19753948312
"45","OLE_medians",0.01,20,40,5,"Holocene",88.259526261586,2761.51639018474
"46","OLE_medians",0.01,20,40,5,"Pleistocene",96.7,3684.38947934014
"47","OLE_medians",0.01,20,80,10,"Holocene",84.9639546858908,876.609587841138
"48","OLE_medians",0.01,20,80,10,"Pleistocene",97.3,1441.00741688654
"49","OLE_medians",0.01,20,80,40,"Holocene",80.8444902162719,892.8477854769
"50","OLE_medians",0.01,20,80,40,"Pleistocene",95.6,1252.20808374278
"51","OLE_medians",0.01,20,80,5,"Holocene",90.3192584963955,2229.97986589461
"52","OLE_medians",0.01,20,80,5,"Pleistocene",98.3,3254.81251755338
"53","OLE_medians",0.01,20,80,80,"Holocene",77.0339855818743,1237.94955698509
"54","OLE_medians",0.01,20,80,80,"Pleistocene",89.6,1597.26923246164
"55","OLE_medians",0.01,50,10,10,"Holocene",84.0370751802266,2120.15231651683
"56","OLE_medians",0.01,50,10,10,"Pleistocene",86.6,2432.83144575237
"57","OLE_medians",0.01,50,10,5,"Holocene",91.5550978372812,4459.29440403817
"58","OLE_medians",0.01,50,10,5,"Pleistocene",93.6,5128.21842539103
"59","OLE_medians",0.01,50,40,10,"Holocene",86.7147270854789,1258.2250457585
"60","OLE_medians",0.01,50,40,10,"Pleistocene",93.3,1651.67028257163
"61","OLE_medians",0.01,50,40,40,"Holocene",75.0772399588054,1349.87266047044
"62","OLE_medians",0.01,50,40,40,"Pleistocene",85.3,1667.43921762004
"63","OLE_medians",0.01,50,40,5,"Holocene",93.6148300720906,2866.39251453507
"64","OLE_medians",0.01,50,40,5,"Pleistocene",96.6,3656.870289412
"65","OLE_medians",0.01,50,80,10,"Holocene",90.6282183316169,1032.35543280375
"66","OLE_medians",0.01,50,80,10,"Pleistocene",97.4,1394.94690593291
"67","OLE_medians",0.01,50,80,40,"Holocene",88.3625128733265,974.86282443779
"68","OLE_medians",0.01,50,80,40,"Pleistocene",96.4,1266.61984139945
"69","OLE_medians",0.01,50,80,5,"Holocene",94.9536560247168,2638.97916223654
"70","OLE_medians",0.01,50,80,5,"Pleistocene",98.4,3191.02500155501
"71","OLE_medians",0.01,50,80,80,"Holocene",81.9773429454171,1303.49818520488
"72","OLE_medians",0.01,50,80,80,"Pleistocene",89.2,1623.52035799898
"73","OLE_medians",0.03,20,10,10,"Holocene",87.3326467559217,1871.45761366046
"74","OLE_medians",0.03,20,10,10,"Pleistocene",92.8,2336.59430195983
"75","OLE_medians",0.03,20,10,5,"Holocene",91.7610710607621,3352.6047724081
"76","OLE_medians",0.03,20,10,5,"Pleistocene",97,4831.02574922409
"77","OLE_medians",0.03,20,40,10,"Holocene",80.9474768280124,803.18054668727
"78","OLE_medians",0.03,20,40,10,"Pleistocene",95.3,1417.78413681092
"79","OLE_medians",0.03,20,40,40,"Holocene",74.8712667353244,1205.52080835096
"80","OLE_medians",0.03,20,40,40,"Pleistocene",89.7,1602.88471285316
"81","OLE_medians",0.03,20,40,5,"Holocene",87.0236869207003,2086.9402454279
"82","OLE_medians",0.03,20,40,5,"Pleistocene",98,3271.51769277861
"83","OLE_medians",0.03,20,80,10,"Holocene",84.346035015448,715.956153531709
"84","OLE_medians",0.03,20,80,10,"Pleistocene",98.1,1191.53435019137
"85","OLE_medians",0.03,20,80,40,"Holocene",81.5653964984552,729.228924011506
"86","OLE_medians",0.03,20,80,40,"Pleistocene",96.8,1096.12618837653
"87","OLE_medians",0.03,20,80,5,"Holocene",88.4654994850669,2157.23766697593
"88","OLE_medians",0.03,20,80,5,"Pleistocene",98.2,2652.86798500133
"89","OLE_medians",0.03,20,80,80,"Holocene",78.6817713697219,1181.92234539
"90","OLE_medians",0.03,20,80,80,"Pleistocene",94.5,1562.04158474667
"91","OLE_medians",0.03,50,10,10,"Holocene",90.2263374485597,2033.64911462106
"92","OLE_medians",0.03,50,10,10,"Pleistocene",92.5,2392.43959155073
"93","OLE_medians",0.03,50,10,5,"Holocene",93.9300411522634,3621.00269103004
"94","OLE_medians",0.03,50,10,5,"Pleistocene",97.2,4601.26643614463
"95","OLE_medians",0.03,50,40,10,"Holocene",89.1975308641975,962.341967575216
"96","OLE_medians",0.03,50,40,10,"Pleistocene",96.7,1452.45873078896
"97","OLE_medians",0.03,50,40,40,"Holocene",82.0987654320988,1289.48129794607
"98","OLE_medians",0.03,50,40,40,"Pleistocene",92,1630.26564652882
"99","OLE_medians",0.03,50,40,5,"Holocene",95.0617283950617,2280.78566399247
"100","OLE_medians",0.03,50,40,5,"Pleistocene",98.5,3412.10840301316
"101","OLE_medians",0.03,50,80,10,"Holocene",92.9012345679012,809.895223987831
"102","OLE_medians",0.03,50,80,10,"Pleistocene",98.1,1255.1064042806
"103","OLE_medians",0.03,50,80,40,"Holocene",89.7119341563786,804.273811089073
"104","OLE_medians",0.03,50,80,40,"Pleistocene",97.4,1133.21314387184
"105","OLE_medians",0.03,50,80,5,"Holocene",96.7078189300412,2089.8361845316
"106","OLE_medians",0.03,50,80,5,"Pleistocene",98.5,2816.30539047568
"107","OLE_medians",0.03,50,80,80,"Holocene",86.6255144032922,1246.00951604682
"108","OLE_medians",0.03,50,80,80,"Pleistocene",94.8,1605.623321662
"109","OLE_medians",0.06,20,10,10,"Holocene",90.5349794238683,1916.85480022972
"110","OLE_medians",0.06,20,10,10,"Pleistocene",94,2404.49543961379
"111","OLE_medians",0.06,20,10,5,"Holocene",94.4444444444444,3163.55236683515
"112","OLE_medians",0.06,20,10,5,"Pleistocene",97.7,4649.95673798896
"113","OLE_medians",0.06,20,40,10,"Holocene",84.0534979423868,712.025045854541
"114","OLE_medians",0.06,20,40,10,"Pleistocene",97.7,1373.17192571494
"115","OLE_medians",0.06,20,40,40,"Holocene",82.0987654320988,1201.79751872015
"116","OLE_medians",0.06,20,40,40,"Pleistocene",93.7,1613.10761435404
"117","OLE_medians",0.06,20,40,5,"Holocene",90.2263374485597,1883.58567525848
"118","OLE_medians",0.06,20,40,5,"Pleistocene",98.8,3264.93124245111
"119","OLE_medians",0.06,20,80,10,"Holocene",86.8312757201646,589.353220058186
"120","OLE_medians",0.06,20,80,10,"Pleistocene",98.8,1156.08116478553
"121","OLE_medians",0.06,20,80,40,"Holocene",84.8765432098765,691.725805536056
"122","OLE_medians",0.06,20,80,40,"Pleistocene",99.2,1071.77468438529
"123","OLE_medians",0.06,20,80,5,"Holocene",90.843621399177,1829.2053889712
"124","OLE_medians",0.06,20,80,5,"Pleistocene",97.7,2688.1491435127
"125","OLE_medians",0.06,20,80,80,"Holocene",82.9218106995885,1174.29163190058
"126","OLE_medians",0.06,20,80,80,"Pleistocene",97.3,1576.23408421155
"127","OLE_medians",0.06,50,10,10,"Holocene",91.5550978372812,1981.92163110735
"128","OLE_medians",0.06,50,10,10,"Pleistocene",93.1,2403.65809207464
"129","OLE_medians",0.06,50,10,5,"Holocene",95.5715756951596,3459.16704676044
"130","OLE_medians",0.06,50,10,5,"Pleistocene",96.8,4449.72562603704
"131","OLE_medians",0.06,50,40,10,"Holocene",91.967044284243,905.577955959955
"132","OLE_medians",0.06,50,40,10,"Pleistocene",98.2,1461.01595239184
"133","OLE_medians",0.06,50,40,40,"Holocene",86.6117404737384,1294.85430228321
"134","OLE_medians",0.06,50,40,40,"Pleistocene",93.5,1654.92389297798
"135","OLE_medians",0.06,50,40,5,"Holocene",96.3954685890834,2203.09839572591
"136","OLE_medians",0.06,50,40,5,"Pleistocene",98.6,3415.98820213622
"137","OLE_medians",0.06,50,80,10,"Holocene",94.6446961894954,812.086806987869
"138","OLE_medians",0.06,50,80,10,"Pleistocene",98.5,1258.9423968095
"139","OLE_medians",0.06,50,80,40,"Holocene",92.5849639546859,793.414376673509
"140","OLE_medians",0.06,50,80,40,"Pleistocene",98.8,1133.54181820332
"141","OLE_medians",0.06,50,80,5,"Holocene",97.9402677651905,2114.85144575232
"142","OLE_medians",0.06,50,80,5,"Pleistocene",98.2,2746.77282662176
"143","OLE_medians",0.06,50,80,80,"Holocene",91.8640576725026,1260.30147319274
"144","OLE_medians",0.06,50,80,80,"Pleistocene",97.9,1625.59974229378
"145","OLE_resamp_caldate",0.01,20,10,10,"Holocene",89.9073120494336,2089.08147744973
"146","OLE_resamp_caldate",0.01,20,10,10,"Pleistocene",98.1,2756.70967056531
"147","OLE_resamp_caldate",0.01,20,10,5,"Holocene",98.6611740473738,4058.45560887692
"148","OLE_resamp_caldate",0.01,20,10,5,"Pleistocene",100,5763.11506173883
"149","OLE_resamp_caldate",0.01,20,40,10,"Holocene",95.9835221421215,1217.23534166583
"150","OLE_resamp_caldate",0.01,20,40,10,"Pleistocene",99.8,1955.58007212833
"151","OLE_resamp_caldate",0.01,20,40,40,"Holocene",83.8311019567456,1353.61006448129
"152","OLE_resamp_caldate",0.01,20,40,40,"Pleistocene",96.1,1907.72611133851
"153","OLE_resamp_caldate",0.01,20,40,5,"Holocene",99.794026776519,2573.02981179762
"154","OLE_resamp_caldate",0.01,20,40,5,"Pleistocene",100,4422.21315300732
"155","OLE_resamp_caldate",0.01,20,80,10,"Holocene",98.5581874356334,959.373707082786
"156","OLE_resamp_caldate",0.01,20,80,10,"Pleistocene",100,1688.39678501892
"157","OLE_resamp_caldate",0.01,20,80,40,"Holocene",94.2327497425335,962.924496729401
"158","OLE_resamp_caldate",0.01,20,80,40,"Pleistocene",99.9,1478.59175183266
"159","OLE_resamp_caldate",0.01,20,80,5,"Holocene",99.8970133882595,2052.19944947235
"160","OLE_resamp_caldate",0.01,20,80,5,"Pleistocene",100,3949.42229579056
"161","OLE_resamp_caldate",0.01,20,80,80,"Holocene",87.7445932028836,1288.9088177082
"162","OLE_resamp_caldate",0.01,20,80,80,"Pleistocene",98.5,1858.19563720752
"163","OLE_resamp_caldate",0.01,50,10,10,"Holocene",93.8208032955716,2241.22364785168
"164","OLE_resamp_caldate",0.01,50,10,10,"Pleistocene",97.6,2831.91695185715
"165","OLE_resamp_caldate",0.01,50,10,5,"Holocene",100,4486.83207270296
"166","OLE_resamp_caldate",0.01,50,10,5,"Pleistocene",100,6150.90196490671
"167","OLE_resamp_caldate",0.01,50,40,10,"Holocene",98.4552008238929,1369.04317277612
"168","OLE_resamp_caldate",0.01,50,40,10,"Pleistocene",99.7,1978.33896934459
"169","OLE_resamp_caldate",0.01,50,40,40,"Holocene",88.4654994850669,1451.41429288573
"170","OLE_resamp_caldate",0.01,50,40,40,"Pleistocene",97.4,1951.08595375783
"171","OLE_resamp_caldate",0.01,50,40,5,"Holocene",100,3033.99917910276
"172","OLE_resamp_caldate",0.01,50,40,5,"Pleistocene",100,4474.56938529136
"173","OLE_resamp_caldate",0.01,50,80,10,"Holocene",99.6910401647786,1164.39841287442
"174","OLE_resamp_caldate",0.01,50,80,10,"Pleistocene",100,1698.3206801217
"175","OLE_resamp_caldate",0.01,50,80,40,"Holocene",97.6313079299691,1081.50761895552
"176","OLE_resamp_caldate",0.01,50,80,40,"Pleistocene",99.7,1509.12298128524
"177","OLE_resamp_caldate",0.01,50,80,5,"Holocene",100,2642.84606531365
"178","OLE_resamp_caldate",0.01,50,80,5,"Pleistocene",100,3939.57435969648
"179","OLE_resamp_caldate",0.01,50,80,80,"Holocene",95.0566426364573,1405.95003952564
"180","OLE_resamp_caldate",0.01,50,80,80,"Pleistocene",98.9,1905.93195080765
"181","OLE_resamp_caldate",0.03,20,10,10,"Holocene",95.2626158599382,1973.19078770809
"182","OLE_resamp_caldate",0.03,20,10,10,"Pleistocene",99.4,2725.87013843388
"183","OLE_resamp_caldate",0.03,20,10,5,"Holocene",99.3820803295572,3323.46853613858
"184","OLE_resamp_caldate",0.03,20,10,5,"Pleistocene",100,5460.45275929932
"185","OLE_resamp_caldate",0.03,20,40,10,"Holocene",97.83728115345,920.609843438325
"186","OLE_resamp_caldate",0.03,20,40,10,"Pleistocene",99.9,1732.74855106804
"187","OLE_resamp_caldate",0.03,20,40,40,"Holocene",90.5252317198764,1288.04787316425
"188","OLE_resamp_caldate",0.03,20,40,40,"Pleistocene",99.2,1881.40356951972
"189","OLE_resamp_caldate",0.03,20,40,5,"Holocene",100,1969.95367108889
"190","OLE_resamp_caldate",0.03,20,40,5,"Pleistocene",100,3912.00963230437
"191","OLE_resamp_caldate",0.03,20,80,10,"Holocene",99.4850669412976,754.166421602692
"192","OLE_resamp_caldate",0.03,20,80,10,"Pleistocene",100,1493.42581774618
"193","OLE_resamp_caldate",0.03,20,80,40,"Holocene",95.6745623069001,798.484522346052
"194","OLE_resamp_caldate",0.03,20,80,40,"Pleistocene",99.9,1339.66721517897
"195","OLE_resamp_caldate",0.03,20,80,5,"Holocene",100,1742.99663986663
"196","OLE_resamp_caldate",0.03,20,80,5,"Pleistocene",100,3485.46143056584
"197","OLE_resamp_caldate",0.03,20,80,80,"Holocene",93.2028836251287,1239.97898695079
"198","OLE_resamp_caldate",0.03,20,80,80,"Pleistocene",99.7,1836.08080360632
"199","OLE_resamp_caldate",0.03,50,10,10,"Holocene",98.3539094650206,2172.46655260225
"200","OLE_resamp_caldate",0.03,50,10,10,"Pleistocene",99.3,2834.82338394977
"201","OLE_resamp_caldate",0.03,50,10,5,"Holocene",100,3975.90336559088
"202","OLE_resamp_caldate",0.03,50,10,5,"Pleistocene",100,5650.2125272874
"203","OLE_resamp_caldate",0.03,50,40,10,"Holocene",99.7942386831276,1137.63840294575
"204","OLE_resamp_caldate",0.03,50,40,10,"Pleistocene",100,1791.60303929948
"205","OLE_resamp_caldate",0.03,50,40,40,"Holocene",96.9135802469136,1410.80107251267
"206","OLE_resamp_caldate",0.03,50,40,40,"Pleistocene",99.5,1936.07048586328
"207","OLE_resamp_caldate",0.03,50,40,5,"Holocene",100,2558.40567629939
"208","OLE_resamp_caldate",0.03,50,40,5,"Pleistocene",100,4087.58123846146
"209","OLE_resamp_caldate",0.03,50,80,10,"Holocene",99.6913580246914,947.541620351201
"210","OLE_resamp_caldate",0.03,50,80,10,"Pleistocene",100,1597.1420411368
"211","OLE_resamp_caldate",0.03,50,80,40,"Holocene",99.0740740740741,922.563152114696
"212","OLE_resamp_caldate",0.03,50,80,40,"Pleistocene",99.9,1401.0664006365
"213","OLE_resamp_caldate",0.03,50,80,5,"Holocene",100,2233.69847080739
"214","OLE_resamp_caldate",0.03,50,80,5,"Pleistocene",100,3773.6823686868
"215","OLE_resamp_caldate",0.03,50,80,80,"Holocene",98.0452674897119,1361.83801195768
"216","OLE_resamp_caldate",0.03,50,80,80,"Pleistocene",99.5,1901.42796385346
"217","OLE_resamp_caldate",0.06,20,10,10,"Holocene",95.8847736625514,2022.03753963894
"218","OLE_resamp_caldate",0.06,20,10,10,"Pleistocene",99.3,2803.97356531284
"219","OLE_resamp_caldate",0.06,20,10,5,"Holocene",99.8971193415638,3303.82868201815
"220","OLE_resamp_caldate",0.06,20,10,5,"Pleistocene",100,5528.99555745112
"221","OLE_resamp_caldate",0.06,20,40,10,"Holocene",99.0740740740741,848.408126945863
"222","OLE_resamp_caldate",0.06,20,40,10,"Pleistocene",100,1685.96836708064
"223","OLE_resamp_caldate",0.06,20,40,40,"Holocene",95.0617283950617,1285.91109973185
"224","OLE_resamp_caldate",0.06,20,40,40,"Pleistocene",99.6,1894.12422197166
"225","OLE_resamp_caldate",0.06,20,40,5,"Holocene",100,1781.93942098618
"226","OLE_resamp_caldate",0.06,20,40,5,"Pleistocene",100,3813.87732064014
"227","OLE_resamp_caldate",0.06,20,80,10,"Holocene",99.6913580246914,665.672703484808
"228","OLE_resamp_caldate",0.06,20,80,10,"Pleistocene",100,1480.90633295941
"229","OLE_resamp_caldate",0.06,20,80,40,"Holocene",96.6049382716049,765.641057098607
"230","OLE_resamp_caldate",0.06,20,80,40,"Pleistocene",100,1325.23675293773
"231","OLE_resamp_caldate",0.06,20,80,5,"Holocene",100,1505.35643987631
"232","OLE_resamp_caldate",0.06,20,80,5,"Pleistocene",100,3512.67896221458
"233","OLE_resamp_caldate",0.06,20,80,80,"Holocene",95.3703703703704,1238.03682325606
"234","OLE_resamp_caldate",0.06,20,80,80,"Pleistocene",100,1849.5726751748
"235","OLE_resamp_caldate",0.06,50,10,10,"Holocene",98.4552008238929,2141.5842391591
"236","OLE_resamp_caldate",0.06,50,10,10,"Pleistocene",99.6,2821.12927190912
"237","OLE_resamp_caldate",0.06,50,10,5,"Holocene",100,3786.88908007011
"238","OLE_resamp_caldate",0.06,50,10,5,"Pleistocene",100,5524.16515685906
"239","OLE_resamp_caldate",0.06,50,40,10,"Holocene",100,1087.02326106053
"240","OLE_resamp_caldate",0.06,50,40,10,"Pleistocene",100,1797.47050507204
"241","OLE_resamp_caldate",0.06,50,40,40,"Holocene",98.2492276004119,1417.26369533432
"242","OLE_resamp_caldate",0.06,50,40,40,"Pleistocene",99.8,1957.98624804498
"243","OLE_resamp_caldate",0.06,50,40,5,"Holocene",100,2421.68311125826
"244","OLE_resamp_caldate",0.06,50,40,5,"Pleistocene",100,4129.228215636
"245","OLE_resamp_caldate",0.06,50,80,10,"Holocene",100,934.275843575966
"246","OLE_resamp_caldate",0.06,50,80,10,"Pleistocene",100,1562.4149518485
"247","OLE_resamp_caldate",0.06,50,80,40,"Holocene",99.8970133882595,911.289827309357
"248","OLE_resamp_caldate",0.06,50,80,40,"Pleistocene",100,1397.6770223073
"249","OLE_resamp_caldate",0.06,50,80,5,"Holocene",100,2208.64069314321
"250","OLE_resamp_caldate",0.06,50,80,5,"Pleistocene",100,3644.68786094748
"251","OLE_resamp_caldate",0.06,50,80,80,"Holocene",99.3820803295572,1376.22748507218
"252","OLE_resamp_caldate",0.06,50,80,80,"Pleistocene",100,1920.21706422716
"253","OLE_resamp_norm",0.01,20,10,10,"Holocene",92.5849639546859,2158.38192017204
"254","OLE_resamp_norm",0.01,20,10,10,"Pleistocene",99.6,3136.63872769084
"255","OLE_resamp_norm",0.01,20,10,5,"Holocene",99.5880535530381,4435.69474185134
"256","OLE_resamp_norm",0.01,20,10,5,"Pleistocene",100,6793.67311906123
"257","OLE_resamp_norm",0.01,20,40,10,"Holocene",98.9701338825953,1326.87876805113
"258","OLE_resamp_norm",0.01,20,40,10,"Pleistocene",99.9,2402.91208619681
"259","OLE_resamp_norm",0.01,20,40,40,"Holocene",88.5684860968074,1409.76240322252
"260","OLE_resamp_norm",0.01,20,40,40,"Pleistocene",99.5,2212.50552146459
"261","OLE_resamp_norm",0.01,20,40,5,"Holocene",100,2913.34802178678
"262","OLE_resamp_norm",0.01,20,40,5,"Pleistocene",100,5510.21342239894
"263","OLE_resamp_norm",0.01,20,80,10,"Holocene",99.794026776519,1110.38419963793
"264","OLE_resamp_norm",0.01,20,80,10,"Pleistocene",100,2160.16402652876
"265","OLE_resamp_norm",0.01,20,80,40,"Holocene",97.1163748712667,1037.74416977296
"266","OLE_resamp_norm",0.01,20,80,40,"Pleistocene",100,1803.60480736157
"267","OLE_resamp_norm",0.01,20,80,5,"Holocene",100,2480.12644034541
"268","OLE_resamp_norm",0.01,20,80,5,"Pleistocene",100,5064.01768198608
"269","OLE_resamp_norm",0.01,20,80,80,"Holocene",93.4088568486097,1351.26956917324
"270","OLE_resamp_norm",0.01,20,80,80,"Pleistocene",100,2175.52876556835
"271","OLE_resamp_norm",0.01,50,10,10,"Holocene",97.5283213182286,2399.10803370866
"272","OLE_resamp_norm",0.01,50,10,10,"Pleistocene",99.9,3261.81059593767
"273","OLE_resamp_norm",0.01,50,10,5,"Holocene",100,5094.06323614202
"274","OLE_resamp_norm",0.01,50,10,5,"Pleistocene",100,7212.44480955055
"275","OLE_resamp_norm",0.01,50,40,10,"Holocene",99.8970133882595,1571.47909860728
"276","OLE_resamp_norm",0.01,50,40,10,"Pleistocene",100,2463.40444063188
"277","OLE_resamp_norm",0.01,50,40,40,"Holocene",95.7775489186406,1579.73428403114
"278","OLE_resamp_norm",0.01,50,40,40,"Pleistocene",99.7,2285.31031638578
"279","OLE_resamp_norm",0.01,50,40,5,"Holocene",100,3489.54623473996
"280","OLE_resamp_norm",0.01,50,40,5,"Pleistocene",100,5648.39076354382
"281","OLE_resamp_norm",0.01,50,80,10,"Holocene",100,1408.0111475191
"282","OLE_resamp_norm",0.01,50,80,10,"Pleistocene",100,2237.2610926105
"283","OLE_resamp_norm",0.01,50,80,40,"Holocene",99.8970133882595,1239.02010138549
"284","OLE_resamp_norm",0.01,50,80,40,"Pleistocene",100,1876.45822830789
"285","OLE_resamp_norm",0.01,50,80,5,"Holocene",100,3224.67224152213
"286","OLE_resamp_norm",0.01,50,80,5,"Pleistocene",100,5225.74322374544
"287","OLE_resamp_norm",0.01,50,80,80,"Holocene",98.6611740473738,1549.6918928381
"288","OLE_resamp_norm",0.01,50,80,80,"Pleistocene",100,2255.25211414609
"289","OLE_resamp_norm",0.03,20,10,10,"Holocene",96.7044284243049,2051.49831952711
"290","OLE_resamp_norm",0.03,20,10,10,"Pleistocene",99.9,3126.34759225104
"291","OLE_resamp_norm",0.03,20,10,5,"Holocene",100,3681.2246898617
"292","OLE_resamp_norm",0.03,20,10,5,"Pleistocene",100,6604.79642191222
"293","OLE_resamp_norm",0.03,20,40,10,"Holocene",99.8970133882595,1069.2575617697
"294","OLE_resamp_norm",0.03,20,40,10,"Pleistocene",100,2210.35052611445
"295","OLE_resamp_norm",0.03,20,40,40,"Holocene",95.3656024716787,1361.31543526519
"296","OLE_resamp_norm",0.03,20,40,40,"Pleistocene",100,2193.25383373819
"297","OLE_resamp_norm",0.03,20,40,5,"Holocene",100,2349.70452272898
"298","OLE_resamp_norm",0.03,20,40,5,"Pleistocene",100,5055.962929632
"299","OLE_resamp_norm",0.03,20,80,10,"Holocene",99.794026776519,917.257123123935
"300","OLE_resamp_norm",0.03,20,80,10,"Pleistocene",100,2004.42204411198
"301","OLE_resamp_norm",0.03,20,80,40,"Holocene",98.9701338825953,886.304413660867
"302","OLE_resamp_norm",0.03,20,80,40,"Pleistocene",100,1694.88428224762
"303","OLE_resamp_norm",0.03,20,80,5,"Holocene",100,2100.3420578958
"304","OLE_resamp_norm",0.03,20,80,5,"Pleistocene",100,4703.87244813813
"305","OLE_resamp_norm",0.03,20,80,80,"Holocene",97.2193614830072,1314.93156968733
"306","OLE_resamp_norm",0.03,20,80,80,"Pleistocene",100,2169.12493813972
"307","OLE_resamp_norm",0.03,50,10,10,"Holocene",99.4855967078189,2339.89214724656
"308","OLE_resamp_norm",0.03,50,10,10,"Pleistocene",99.9,3258.73819861893
"309","OLE_resamp_norm",0.03,50,10,5,"Holocene",100,4570.37052698036
"310","OLE_resamp_norm",0.03,50,10,5,"Pleistocene",100,6890.03134537872
"311","OLE_resamp_norm",0.03,50,40,10,"Holocene",100,1402.9396277733
"312","OLE_resamp_norm",0.03,50,40,10,"Pleistocene",100,2359.7092477639
"313","OLE_resamp_norm",0.03,50,40,40,"Holocene",99.3827160493827,1563.67964215185
"314","OLE_resamp_norm",0.03,50,40,40,"Pleistocene",100,2287.12847755343
"315","OLE_resamp_norm",0.03,50,40,5,"Holocene",100,3152.62214363679
"316","OLE_resamp_norm",0.03,50,40,5,"Pleistocene",100,5441.86745013729
"317","OLE_resamp_norm",0.03,50,80,10,"Holocene",100,1228.58986001531
"318","OLE_resamp_norm",0.03,50,80,10,"Pleistocene",100,2153.32356152532
"319","OLE_resamp_norm",0.03,50,80,40,"Holocene",100,1102.58096442566
"320","OLE_resamp_norm",0.03,50,80,40,"Pleistocene",100,1788.20965711255
"321","OLE_resamp_norm",0.03,50,80,5,"Holocene",100,2828.48490623486
"322","OLE_resamp_norm",0.03,50,80,5,"Pleistocene",100,5081.46967455543
"323","OLE_resamp_norm",0.03,50,80,80,"Holocene",100,1524.25189007302
"324","OLE_resamp_norm",0.03,50,80,80,"Pleistocene",100,2261.53210484474
"325","OLE_resamp_norm",0.06,20,10,10,"Holocene",97.0164609053498,2105.12448410398
"326","OLE_resamp_norm",0.06,20,10,10,"Pleistocene",99.9,3166.24308471181
"327","OLE_resamp_norm",0.06,20,10,5,"Holocene",100,3662.05371705222
"328","OLE_resamp_norm",0.06,20,10,5,"Pleistocene",100,6523.62849084255
"329","OLE_resamp_norm",0.06,20,40,10,"Holocene",100,992.531053860756
"330","OLE_resamp_norm",0.06,20,40,10,"Pleistocene",100,2223.30887347244
"331","OLE_resamp_norm",0.06,20,40,40,"Holocene",97.9423868312757,1359.069003657
"332","OLE_resamp_norm",0.06,20,40,40,"Pleistocene",100,2219.31775070041
"333","OLE_resamp_norm",0.06,20,40,5,"Holocene",100,2142.78214537351
"334","OLE_resamp_norm",0.06,20,40,5,"Pleistocene",100,5120.32870902338
"335","OLE_resamp_norm",0.06,20,80,10,"Holocene",100,830.862200652379
"336","OLE_resamp_norm",0.06,20,80,10,"Pleistocene",100,2013.05311400415
"337","OLE_resamp_norm",0.06,20,80,40,"Holocene",99.8971193415638,856.596855915833
"338","OLE_resamp_norm",0.06,20,80,40,"Pleistocene",100,1687.94331268265
"339","OLE_resamp_norm",0.06,20,80,5,"Holocene",100,1867.08267282267
"340","OLE_resamp_norm",0.06,20,80,5,"Pleistocene",100,4725.24264069328
"341","OLE_resamp_norm",0.06,20,80,80,"Holocene",98.9711934156379,1315.83910627576
"342","OLE_resamp_norm",0.06,20,80,80,"Pleistocene",100,2184.20944872669
"343","OLE_resamp_norm",0.06,50,10,10,"Holocene",99.3820803295572,2309.41498583183
"344","OLE_resamp_norm",0.06,50,10,10,"Pleistocene",100,3255.19535553817
"345","OLE_resamp_norm",0.06,50,10,5,"Holocene",100,4314.5179659302
"346","OLE_resamp_norm",0.06,50,10,5,"Pleistocene",100,6713.92165814643
"347","OLE_resamp_norm",0.06,50,40,10,"Holocene",100,1368.7417041236
"348","OLE_resamp_norm",0.06,50,40,10,"Pleistocene",100,2331.7948150893
"349","OLE_resamp_norm",0.06,50,40,40,"Holocene",99.794026776519,1576.22332615704
"350","OLE_resamp_norm",0.06,50,40,40,"Pleistocene",100,2300.14641644142
"351","OLE_resamp_norm",0.06,50,40,5,"Holocene",100,3050.30928253864
"352","OLE_resamp_norm",0.06,50,40,5,"Pleistocene",100,5384.0056242373
"353","OLE_resamp_norm",0.06,50,80,10,"Holocene",100,1220.17486650395
"354","OLE_resamp_norm",0.06,50,80,10,"Pleistocene",100,2137.60149613352
"355","OLE_resamp_norm",0.06,50,80,40,"Holocene",100,1093.92929846794
"356","OLE_resamp_norm",0.06,50,80,40,"Pleistocene",100,1791.27124104173
"357","OLE_resamp_norm",0.06,50,80,5,"Holocene",100,2836.66464368454
"358","OLE_resamp_norm",0.06,50,80,5,"Pleistocene",100,5013.48543904654
"359","OLE_resamp_norm",0.06,50,80,80,"Holocene",100,1541.08449829672
"360","OLE_resamp_norm",0.06,50,80,80,"Pleistocene",100,2283.80813345684
"361","OLE_resamp_unif",0.01,20,10,10,"Holocene",93.4088568486097,2189.73336971525
"362","OLE_resamp_unif",0.01,20,10,10,"Pleistocene",99.7,3217.41818495878
"363","OLE_resamp_unif",0.01,20,10,5,"Holocene",99.8970133882595,4469.939555644
"364","OLE_resamp_unif",0.01,20,10,5,"Pleistocene",100,6658.6976343792
"365","OLE_resamp_unif",0.01,20,40,10,"Holocene",98.2492276004119,1344.50227823385
"366","OLE_resamp_unif",0.01,20,40,10,"Pleistocene",99.9,2163.18774382618
"367","OLE_resamp_unif",0.01,20,40,40,"Holocene",89.0834191555098,1433.14417303971
"368","OLE_resamp_unif",0.01,20,40,40,"Pleistocene",99.2,2207.54327384566
"369","OLE_resamp_unif",0.01,20,40,5,"Holocene",100,2971.57438882098
"370","OLE_resamp_unif",0.01,20,40,5,"Pleistocene",100,4841.86262937902
"371","OLE_resamp_unif",0.01,20,80,10,"Holocene",99.1761071060762,1113.03665108887
"372","OLE_resamp_unif",0.01,20,80,10,"Pleistocene",96.4,1813.25829124621
"373","OLE_resamp_unif",0.01,20,80,40,"Holocene",97.1163748712667,1046.96795282236
"374","OLE_resamp_unif",0.01,20,80,40,"Pleistocene",100,1642.82597427264
"375","OLE_resamp_unif",0.01,20,80,5,"Holocene",99.8970133882595,2554.55058235032
"376","OLE_resamp_unif",0.01,20,80,5,"Pleistocene",100,4163.40619476802
"377","OLE_resamp_unif",0.01,20,80,80,"Holocene",92.9969104016478,1367.3017493635
"378","OLE_resamp_unif",0.01,20,80,80,"Pleistocene",99.7,2135.52093989442
"379","OLE_resamp_unif",0.01,50,10,10,"Holocene",98.1462409886715,2453.32685702208
"380","OLE_resamp_unif",0.01,50,10,10,"Pleistocene",99.9,3344.27154729109
"381","OLE_resamp_unif",0.01,50,10,5,"Holocene",100,5177.43309650447
"382","OLE_resamp_unif",0.01,50,10,5,"Pleistocene",100,7029.95172919375
"383","OLE_resamp_unif",0.01,50,40,10,"Holocene",100,1552.1454906597
"384","OLE_resamp_unif",0.01,50,40,10,"Pleistocene",100,2183.78439071348
"385","OLE_resamp_unif",0.01,50,40,40,"Holocene",96.086508753862,1609.76595481478
"386","OLE_resamp_unif",0.01,50,40,40,"Pleistocene",99.4,2277.53318467034
"387","OLE_resamp_unif",0.01,50,40,5,"Holocene",100,3465.23759295766
"388","OLE_resamp_unif",0.01,50,40,5,"Pleistocene",100,4814.69788986245
"389","OLE_resamp_unif",0.01,50,80,10,"Holocene",100,1369.03654364322
"390","OLE_resamp_unif",0.01,50,80,10,"Pleistocene",96.5,1863.97145402935
"391","OLE_resamp_unif",0.01,50,80,40,"Holocene",99.794026776519,1237.65612254579
"392","OLE_resamp_unif",0.01,50,80,40,"Pleistocene",100,1695.13496372829
"393","OLE_resamp_unif",0.01,50,80,5,"Holocene",100,3182.8800084629
"394","OLE_resamp_unif",0.01,50,80,5,"Pleistocene",100,4245.0105298599
"395","OLE_resamp_unif",0.01,50,80,80,"Holocene",98.7641606591143,1571.63306392892
"396","OLE_resamp_unif",0.01,50,80,80,"Pleistocene",99.9,2211.59411454535
"397","OLE_resamp_unif",0.03,20,10,10,"Holocene",97.3223480947477,2090.07119751931
"398","OLE_resamp_unif",0.03,20,10,10,"Pleistocene",99.9,3219.97005191915
"399","OLE_resamp_unif",0.03,20,10,5,"Holocene",100,3745.17492609389
"400","OLE_resamp_unif",0.03,20,10,5,"Pleistocene",100,6522.8746015551
"401","OLE_resamp_unif",0.03,20,40,10,"Holocene",99.6910401647786,1075.52796349243
"402","OLE_resamp_unif",0.03,20,40,10,"Pleistocene",100,1906.2827875976
"403","OLE_resamp_unif",0.03,20,40,40,"Holocene",95.3656024716787,1385.53798986854
"404","OLE_resamp_unif",0.03,20,40,40,"Pleistocene",100,2185.13351816347
"405","OLE_resamp_unif",0.03,20,40,5,"Holocene",100,2343.84331946896
"406","OLE_resamp_unif",0.03,20,40,5,"Pleistocene",100,4119.97885110241
"407","OLE_resamp_unif",0.03,20,80,10,"Holocene",99.4850669412976,873.400149319662
"408","OLE_resamp_unif",0.03,20,80,10,"Pleistocene",94.8,1571.00694407116
"409","OLE_resamp_unif",0.03,20,80,40,"Holocene",98.3522142121524,889.613126658659
"410","OLE_resamp_unif",0.03,20,80,40,"Pleistocene",100,1525.45944256282
"411","OLE_resamp_unif",0.03,20,80,5,"Holocene",100,1955.12970950086
"412","OLE_resamp_unif",0.03,20,80,5,"Pleistocene",100,3560.56861963489
"413","OLE_resamp_unif",0.03,20,80,80,"Holocene",96.3954685890834,1328.96579571402
"414","OLE_resamp_unif",0.03,20,80,80,"Pleistocene",100,2122.27101531587
"415","OLE_resamp_unif",0.03,50,10,10,"Holocene",99.6913580246914,2409.37449473254
"416","OLE_resamp_unif",0.03,50,10,10,"Pleistocene",99.9,3357.13993588838
"417","OLE_resamp_unif",0.03,50,10,5,"Holocene",100,4737.82559652607
"418","OLE_resamp_unif",0.03,50,10,5,"Pleistocene",100,6780.02624069777
"419","OLE_resamp_unif",0.03,50,40,10,"Holocene",100,1366.07509351872
"420","OLE_resamp_unif",0.03,50,40,10,"Pleistocene",100,2033.70014463865
"421","OLE_resamp_unif",0.03,50,40,40,"Holocene",99.4855967078189,1596.38839209088
"422","OLE_resamp_unif",0.03,50,40,40,"Pleistocene",100,2278.38017646482
"423","OLE_resamp_unif",0.03,50,40,5,"Holocene",100,2966.91378089193
"424","OLE_resamp_unif",0.03,50,40,5,"Pleistocene",100,4464.35303074043
"425","OLE_resamp_unif",0.03,50,80,10,"Holocene",100,1109.47446067547
"426","OLE_resamp_unif",0.03,50,80,10,"Pleistocene",94.3,1698.71095122449
"427","OLE_resamp_unif",0.03,50,80,40,"Holocene",100,1088.92879696464
"428","OLE_resamp_unif",0.03,50,80,40,"Pleistocene",100,1599.79636927803
"429","OLE_resamp_unif",0.03,50,80,5,"Holocene",100,2486.28030724461
"430","OLE_resamp_unif",0.03,50,80,5,"Pleistocene",100,3894.04944164128
"431","OLE_resamp_unif",0.03,50,80,80,"Holocene",99.8971193415638,1539.81804103126
"432","OLE_resamp_unif",0.03,50,80,80,"Pleistocene",100,2211.5752549759
"433","OLE_resamp_unif",0.06,20,10,10,"Holocene",97.7366255144033,2150.92756379301
"434","OLE_resamp_unif",0.06,20,10,10,"Pleistocene",99.9,3270.77061915099
"435","OLE_resamp_unif",0.06,20,10,5,"Holocene",100,3788.40273634796
"436","OLE_resamp_unif",0.06,20,10,5,"Pleistocene",100,6532.03304983817
"437","OLE_resamp_unif",0.06,20,40,10,"Holocene",100,995.10736398862
"438","OLE_resamp_unif",0.06,20,40,10,"Pleistocene",100,1923.21276420779
"439","OLE_resamp_unif",0.06,20,40,40,"Holocene",97.5308641975309,1381.79535864393
"440","OLE_resamp_unif",0.06,20,40,40,"Pleistocene",100,2213.6567111704
"441","OLE_resamp_unif",0.06,20,40,5,"Holocene",100,2071.15964652533
"442","OLE_resamp_unif",0.06,20,40,5,"Pleistocene",100,4202.52007596439
"443","OLE_resamp_unif",0.06,20,80,10,"Holocene",100,772.860095024269
"444","OLE_resamp_unif",0.06,20,80,10,"Pleistocene",94.2,1573.81725675289
"445","OLE_resamp_unif",0.06,20,80,40,"Holocene",99.2798353909465,857.591431550692
"446","OLE_resamp_unif",0.06,20,80,40,"Pleistocene",100,1521.45330135142
"447","OLE_resamp_unif",0.06,20,80,5,"Holocene",100,1665.63478834036
"448","OLE_resamp_unif",0.06,20,80,5,"Pleistocene",100,3568.23965253312
"449","OLE_resamp_unif",0.06,20,80,80,"Holocene",98.1481481481482,1329.28240929848
"450","OLE_resamp_unif",0.06,20,80,80,"Pleistocene",100,2138.26210399597
"451","OLE_resamp_unif",0.06,50,10,10,"Holocene",99.4850669412976,2385.54391583767
"452","OLE_resamp_unif",0.06,50,10,10,"Pleistocene",100,3363.35187241444
"453","OLE_resamp_unif",0.06,50,10,5,"Holocene",100,4474.77667930614
"454","OLE_resamp_unif",0.06,50,10,5,"Pleistocene",100,6642.26482707625
"455","OLE_resamp_unif",0.06,50,40,10,"Holocene",100,1327.41385406472
"456","OLE_resamp_unif",0.06,50,40,10,"Pleistocene",100,1991.91161620784
"457","OLE_resamp_unif",0.06,50,40,40,"Holocene",99.6910401647786,1609.18541825877
"458","OLE_resamp_unif",0.06,50,40,40,"Pleistocene",100,2288.68729562728
"459","OLE_resamp_unif",0.06,50,40,5,"Holocene",100,2825.72842035529
"460","OLE_resamp_unif",0.06,50,40,5,"Pleistocene",100,4329.92551717868
"461","OLE_resamp_unif",0.06,50,80,10,"Holocene",100,1091.39063244849
"462","OLE_resamp_unif",0.06,50,80,10,"Pleistocene",92.7,1677.43051154463
"463","OLE_resamp_unif",0.06,50,80,40,"Holocene",100,1080.63197928925
"464","OLE_resamp_unif",0.06,50,80,40,"Pleistocene",100,1608.3468002627
"465","OLE_resamp_unif",0.06,50,80,5,"Holocene",100,2458.75641515934
"466","OLE_resamp_unif",0.06,50,80,5,"Pleistocene",100,3785.69123921795
"467","OLE_resamp_unif",0.06,50,80,80,"Holocene",100,1555.8575778359
"468","OLE_resamp_unif",0.06,50,80,80,"Pleistocene",100,2235.35770794795
"469","oxcal_trap",0.01,20,10,10,"Holocene",80.5732484076433,553.960191082803
"470","oxcal_trap",0.01,20,10,10,"Pleistocene",82.8,807.857
"471","oxcal_trap",0.01,20,40,40,"Holocene",92.7889713679746,286.548250265111
"472","oxcal_trap",0.01,20,40,40,"Pleistocene",92.7,456.7315
"473","oxcal_trap",0.01,20,80,80,"Holocene",87.168610816543,205.562036055143
"474","oxcal_trap",0.01,20,80,80,"Pleistocene",91.9,366.2535
"475","oxcal_trap",0.01,50,10,10,"Holocene",83.1389183457052,632.314422057264
"476","oxcal_trap",0.01,50,10,10,"Pleistocene",83.5,842.5685
"477","oxcal_trap",0.01,50,40,40,"Holocene",92.2587486744433,331.134676564157
"478","oxcal_trap",0.01,50,40,40,"Pleistocene",93.9,479.734
"479","oxcal_trap",0.01,50,80,80,"Holocene",89.6076352067869,252.153764581124
"480","oxcal_trap",0.01,50,80,80,"Pleistocene",91.5,380.305
"481","oxcal_trap",0.03,20,10,10,"Holocene",85.0477200424178,598.576352067868
"482","oxcal_trap",0.03,20,10,10,"Pleistocene",83.9,812.8275
"483","oxcal_trap",0.03,20,40,40,"Holocene",99.2569002123142,290.432590233546
"484","oxcal_trap",0.03,20,40,40,"Pleistocene",98.4,472.385
"485","oxcal_trap",0.03,20,80,80,"Holocene",98.0932203389831,193.060911016949
"486","oxcal_trap",0.03,20,80,80,"Pleistocene",99.1,363.6625
"487","oxcal_trap",0.03,50,10,10,"Holocene",86.8504772004242,672.194591728526
"488","oxcal_trap",0.03,50,10,10,"Pleistocene",85.5,866.698
"489","oxcal_trap",0.03,50,40,40,"Holocene",99.2576882290562,333.401908801697
"490","oxcal_trap",0.03,50,40,40,"Pleistocene",98.8,490.6135
"491","oxcal_trap",0.03,50,80,80,"Holocene",98.5153764581124,233.185047720042
"492","oxcal_trap",0.03,50,80,80,"Pleistocene",98.1,380.877
"493","oxcal_trap",0.06,20,10,10,"Holocene",83.0328738069989,602.827677624602
"494","oxcal_trap",0.06,20,10,10,"Pleistocene",85.1,845.7285
"495","oxcal_trap",0.06,20,40,40,"Holocene",99.1516436903499,295.019088016967
"496","oxcal_trap",0.06,20,40,40,"Pleistocene",96.8,480.7735
"497","oxcal_trap",0.06,20,80,80,"Holocene",98.9395546129374,192.391304347826
"498","oxcal_trap",0.06,20,80,80,"Pleistocene",97.9,364.4195
"499","oxcal_trap",0.06,50,10,10,"Holocene",83.6691410392365,663.643160127253
"500","oxcal_trap",0.06,50,10,10,"Pleistocene",85.5,869.118
"501","oxcal_trap",0.06,50,40,40,"Holocene",98.1972428419936,335.432661717922
"502","oxcal_trap",0.06,50,40,40,"Pleistocene",98.2,499.477
"503","oxcal_trap",0.06,50,80,80,"Holocene",99.1507430997877,231.259023354565
"504","oxcal_trap",0.06,50,80,80,"Pleistocene",95.9,382.499
"505","oxcal_unif",0.01,20,10,10,"Holocene",58.0786026200873,320.587336244541
"506","oxcal_unif",0.01,20,10,10,"Pleistocene",64.9,553.809
"507","oxcal_unif",0.01,20,40,40,"Holocene",35.815991237678,147.972070098576
"508","oxcal_unif",0.01,20,40,40,"Pleistocene",44.8,317.8655
"509","oxcal_unif",0.01,20,80,80,"Holocene",19.4535519125683,98.0814207650273
"510","oxcal_unif",0.01,20,80,80,"Pleistocene",23.6,230.3155
"511","oxcal_unif",0.01,50,10,10,"Holocene",61.7067833698031,384.912472647702
"512","oxcal_unif",0.01,50,10,10,"Pleistocene",67.4,568.881
"513","oxcal_unif",0.01,50,40,40,"Holocene",36.7213114754098,194.527868852459
"514","oxcal_unif",0.01,50,40,40,"Pleistocene",48.9,337.4875
"515","oxcal_unif",0.01,50,80,80,"Holocene",16.4293537787514,134.513143483023
"516","oxcal_unif",0.01,50,80,80,"Pleistocene",25.5,244.834
"517","oxcal_unif",0.03,20,10,10,"Holocene",75.684556407448,324.287513691128
"518","oxcal_unif",0.03,20,10,10,"Pleistocene",78.3,560.1325
"519","oxcal_unif",0.03,20,40,40,"Holocene",67.1397379912664,152.288755458515
"520","oxcal_unif",0.03,20,40,40,"Pleistocene",80.7,323.553
"521","oxcal_unif",0.03,20,80,80,"Holocene",49.2880613362541,106.826396495071
"522","oxcal_unif",0.03,20,80,80,"Pleistocene",70.6,237.013
"523","oxcal_unif",0.03,50,10,10,"Holocene",76.8893756845564,391.861993428258
"524","oxcal_unif",0.03,50,10,10,"Pleistocene",77.4,581.36
"525","oxcal_unif",0.03,50,40,40,"Holocene",74.7540983606557,196.709836065574
"526","oxcal_unif",0.03,50,40,40,"Pleistocene",84.2,344.958
"527","oxcal_unif",0.03,50,80,80,"Holocene",57.8774617067834,139.853938730853
"528","oxcal_unif",0.03,50,80,80,"Pleistocene",74.3,250.788
"529","oxcal_unif",0.06,20,10,10,"Holocene",77.8993435448578,330.106673960613
"530","oxcal_unif",0.06,20,10,10,"Pleistocene",79.4,559.4205
"531","oxcal_unif",0.06,20,40,40,"Holocene",81.3800657174151,156.261774370208
"532","oxcal_unif",0.06,20,40,40,"Pleistocene",90.9,331.353
"533","oxcal_unif",0.06,20,80,80,"Holocene",73.9082969432314,109.0403930131
"534","oxcal_unif",0.06,20,80,80,"Pleistocene",87.2,238.4345
"535","oxcal_unif",0.06,50,10,10,"Holocene",82.4235807860262,407.401746724891
"536","oxcal_unif",0.06,50,10,10,"Pleistocene",79.1,586.1075
"537","oxcal_unif",0.06,50,40,40,"Holocene",87.2946330777656,199.217415115005
"538","oxcal_unif",0.06,50,40,40,"Pleistocene",87.9,347.9015
"539","oxcal_unif",0.06,50,80,80,"Holocene",80.3493449781659,141.53056768559
"540","oxcal_unif",0.06,50,80,80,"Pleistocene",88.4,254.016
